userid,program,score,main_cat,sub_cat
59879000,소방서 옆 경찰서 ,0.24447572827198014,TV드라마,기타
59879000,신성한 이혼 ,0.73828125,TV드라마,기타
59895000,금이야 옥이야 ,0.9999999999996786,TV드라마,기타
59900000,초대: 스와핑 데이,0.2928932188134524,영화,멜로
59900000,후궁 제왕의첩,0.2928932188134524,영화,멜로
59900000,그것이알고싶다 ,0.374741049762749,TV 시사/교양,기타
59900000,범죄도시3,0.2928932188134524,영화,액션/어드벤쳐
59900000,2022 역사저널 그날 ,0.21548220313557542,TV 시사/교양,기타
59900000,마파도,0.2928932188134524,영화,코미디
59921000,해피엔드,0.2928932188134524,영화,멜로
59921000,후궁 제왕의첩,0.2928932188134524,영화,멜로
59930000,사랑의 이해 ,0.43096440627115085,TV드라마,기타
59930000,귀신이산다,0.2928932188134524,영화,코미디
59930000,이장과 군수,0.2928932188134524,영화,코미디
59930000,가면의 여왕 ,0.875,TV드라마,기타
59930000,신성한 이혼 ,0.08203125,TV드라마,기타
59930000,비밀의 집 ,0.2928932188134524,TV드라마,기타
59933000,런닝맨 ,0.9999999925494193,TV 연예/오락,기타
60040000,트랜스포머: 비스트의 서막,0.2928932188134524,영화,액션/어드벤쳐
60050000,롱 플레이스,0.2928932188134524,영화,액션/어드벤쳐
60050000,스파이 코드명 포춘,0.2928932188134524,영화,액션/어드벤쳐
60050000,옹정황제의 여인 ,0.875,TV드라마,외화 시리즈
60067000,학려화정 ,0.9996547330169988,TV드라마,외화 시리즈
60067000,차청봉명 ,0.2928932188134524,TV드라마,외화 시리즈
60067000,진령사,0.2928932188134524,영화,액션/어드벤쳐
60067000,진격적황후1 ,0.7291666666666667,TV드라마,외화 시리즈
60067000,전문중적진천천 ,0.8496051788229695,TV드라마,외화 시리즈
60067000,어교기지여군초상식:그대를처음만난그날 ,0.2928932188134524,TV드라마,외화 시리즈
60067000,야연2,0.2928932188134524,영화,무협
60067000,야야상견불식군 : 나의 스파이 신부 ,0.6464466094067263,TV드라마,외화 시리즈
60067000,"암련, 귤생회남 ",0.8947351355301707,TV드라마,외화 시리즈
60067000,금의위: 천하제일검,0.2928932188134524,영화,액션/어드벤쳐
60067000,소녀대인 ,0.9687352180480957,TV드라마,외화 시리즈
60067000,삼생연기시청환 ,0.1171875,TV드라마,외화 시리즈
60067000,산해거수,0.2928932188134524,영화,무협
60067000,사시호 : 황후의 계절 ,0.2928932188134524,TV드라마,외화 시리즈
60067000,"부군청자중 : 부군님, 자중하시어요 ",0.3906907081507206,TV드라마,외화 시리즈
60067000,무림유협기 ,0.09086470170454546,TV드라마,외화 시리즈
60067000,대발후 ,0.2928932188134524,TV드라마,외화 시리즈
60067000,니급아적희환 ,0.3314919094239933,TV드라마,외화 시리즈
60067000,학려화정 외전: 별운간 ,0.6585786437626906,TV드라마,외화 시리즈
60067000,소세가인담담장 ,0.703125,TV드라마,외화 시리즈
60145000,공조2: 인터내셔날,0.2928932188134524,영화,액션/어드벤쳐
60145000,범죄도시3,0.2928932188134524,영화,액션/어드벤쳐
60169000,간질간질,0.2928932188134524,키즈,학습
60169000,놀자!,0.2928932188134524,키즈,학습
60169000,행복한 왕자,0.2928932188134524,키즈,기타
60169000,커졌다,0.2928932188134524,키즈,학습
60201000,밀수,0.5,영화,액션/어드벤쳐
60201000,범죄도시3,0.2928932188134524,영화,액션/어드벤쳐
60224000,한 번 다녀왔습니다 ,0.57421875,TV드라마,기타
60224000,진짜가 나타났다! ,0.49951171875,TV드라마,기타
60224000,웨이트: 감각에 눈 뜰때,0.2928932188134524,영화,멜로
60224000,연인 파트1 ,0.5812499999999999,TV드라마,기타
60224000,신랑수업 ,0.07691368689903846,TV 연예/오락,기타
60224000,소문난 칠공주 ,0.8203125,TV드라마,기타
60224000,뭉쳐야 찬다 2 ,0.4375,TV 연예/오락,기타
60224000,연인 파트1 리와인드 필름,0.2928932188134524,TV드라마,기타
60273000,상류사회,0.2928932188134524,영화,드라마
60273000,장군의아들,0.2928932188134524,영화,드라마
60273000,터널,0.2928932188134524,영화,드라마
60304000,연인 파트1 ,0.484375,TV드라마,기타
60304000,짱구는못말려 17기 ,0.2928932188134524,TV애니메이션,명랑/코믹
60310000,26년,0.2928932188134524,영화,액션/어드벤쳐
60310000,특종병기 전랑,0.2928932188134524,영화,액션/어드벤쳐
60310000,히트맨,0.2928932188134524,영화,코미디
60310000,해운대,0.2928932188134524,영화,액션/어드벤쳐
60320000,더 문,0.2928932188134524,영화,SF/환타지
60320000,이번 주 아내가 바람을 핍니다 ,0.2928932188134524,TV드라마,기타
60320000,백일의 낭군님: 입문서,0.2928932188134524,TV드라마,외화 시리즈
60320000,백일의 낭군님: 별책부록,0.2928932188134524,TV드라마,외화 시리즈
60326000,천고결진 ,0.9130433694176051,TV드라마,외화 시리즈
60326000,장야 2  ,0.9309943008252541,TV드라마,외화 시리즈
60326000,유리미인살  ,0.9999999850988388,TV드라마,외화 시리즈
60326000,위험량인: 남장여자 로맨스 ,0.2928932188134524,TV드라마,외화 시리즈
60326000,옥골요 ,0.75,TV드라마,외화 시리즈
60326000,진격적황후1 ,0.875,TV드라마,외화 시리즈
60326000,아취시저반여자: 그런 여자 또 없습니다 ,0.4375,TV드라마,외화 시리즈
60326000,삼생삼세 침상서 ,0.998046875,TV드라마,외화 시리즈
60326000,삼생 초월 로맨스 우룡 ,0.2928932188134524,TV드라마,외화 시리즈
60326000,야연2,0.2928932188134524,영화,무협
60326000,봉신연의,0.2928932188134524,영화,액션/어드벤쳐
60326000,모백수 ,0.2928932188134524,TV드라마,외화 시리즈
60326000,도굴꾼 용굴의비밀,0.2928932188134524,영화,액션/어드벤쳐
60326000,경경아심 : 두근두근 내 마음을 들어봐 ,0.9460600409065215,TV드라마,외화 시리즈
60326000,념념무명 ,0.875,TV드라마,외화 시리즈
60326000,삼생연기시청환 ,0.9375,TV드라마,외화 시리즈
60326000,금의지하 ,0.6585786437626906,TV드라마,외화 시리즈
60326000,경경일상 ,0.8496051788229695,TV드라마,외화 시리즈
60326000,계약결혼로맨스 삼가야군심  ,0.2928932188134524,TV드라마,외화 시리즈
60326000,"부군청자중 : 부군님, 자중하시어요 ",0.9116116523516815,TV드라마,외화 시리즈
60326000,"그 하늘, 그 바다 ",0.2928932188134524,TV드라마,외화 시리즈
60326000,구소한야난   너의 온도 ,0.8857095074658602,TV드라마,외화 시리즈
60326000,구주천공성 2  ,0.5,TV드라마,외화 시리즈
60326000,창란결 ,0.9996547330169988,TV드라마,외화 시리즈
60326000,그 낭자의 수상한 뷰티 게임 ,0.5,TV드라마,외화 시리즈
60326000,무림유협기 ,0.9540793678977273,TV드라마,외화 시리즈
60326000,칼의전쟁,0.2928932188134524,영화,무협
60326000,검신의 제국 2,0.2928932188134524,영화,무협
60326000,호심 ,0.7142818608595647,TV드라마,외화 시리즈
60333000,가려진 시간,0.2928932188134524,영화,드라마
60333000,스파이,0.2928932188134524,영화,액션/어드벤쳐
60333000,보안관,0.2928932188134524,영화,드라마
60338000,핑크퐁 상어가족과 노래해요 3 ,0.2928932188134524,키즈,기타
60411000,절색특공: 데드 스콜피온,0.2928932188134524,영화,액션/어드벤쳐
60411000,공수도,0.2928932188134524,영화,액션/어드벤쳐
60463000,신데렐라,0.2928932188134524,키즈,기타
60463000,잭과 콩나무,0.2928932188134524,키즈,기타
60463000,구둣방 할아버지와 꼬마 요정,0.2928932188134524,키즈,기타
60463000,장화 신은 고양이,0.2928932188134524,키즈,기타
60463000,잠자는 숲속의 공주,0.2928932188134524,키즈,기타
60463000,우리 집에는 사자가 있어,0.5,키즈,기타
60463000,우락부락 염소 삼 형제,0.2928932188134524,키즈,기타
60463000,엄지 아가씨,0.2928932188134524,키즈,기타
60463000,아기 돼지 삼 형제,0.2928932188134524,키즈,기타
60463000,기운 센 말,0.5,키즈,기타
60463000,늑대와 일곱 마리 아기 염소,0.2928932188134524,키즈,기타
60463000,라푼젤,0.2928932188134524,키즈,기타
60463000,행복한 왕자,0.2928932188134524,키즈,기타
60463000,백설 공주,0.2928932188134524,키즈,기타
60492000,브릭 맨션,0.2928932188134524,영화,액션/어드벤쳐
60492000,초대: 스와핑 데이,0.2928932188134524,영화,멜로
60492000,연풍연가,0.2928932188134524,영화,멜로
60495000,세기말,0.2928932188134524,영화,멜로
60496000,연인 파트1 ,0.96875,TV드라마,기타
60506000,초대: 스와핑 데이,0.2928932188134524,영화,멜로
60506000,타짜: 원 아이드 잭,0.2928932188134524,영화,드라마
60506000,존 윅4,0.2928932188134524,영화,액션/어드벤쳐
60506000,어린 의뢰인,0.2928932188134524,영화,드라마
60506000,스트릿 우먼 파이터 2 ,0.16464466094067265,TV 연예/오락,기타
60506000,범죄도시3,0.2928932188134524,영화,액션/어드벤쳐
60506000,동갑내기과외하기2,0.2928932188134524,영화,코미디
60510000,브릭 맨션,0.2928932188134524,영화,액션/어드벤쳐
60510000,공모자들,0.2928932188134524,영화,드라마
60510000,공필두,0.2928932188134524,영화,코미디
60510000,미스터 주: 사라진 VIP,0.2928932188134524,영화,코미디
60510000,블레이징 썬,0.2928932188134524,영화,액션/어드벤쳐
60510000,성룡의 아시수,0.2928932188134524,영화,액션/어드벤쳐
60510000,성룡의쿵푸마스터,0.2928932188134524,영화,액션/어드벤쳐
60510000,소태극,0.2928932188134524,영화,액션/어드벤쳐
60510000,작전명 컴뱃,0.2928932188134524,영화,액션/어드벤쳐
60510000,킬 샷: 7 스나이퍼,0.2928932188134524,영화,액션/어드벤쳐
60513000,타요의 씽씽극장 동요2 ,0.9889514565439602,키즈,기타
60593000,세컨 하우스2 ,0.5625,TV 연예/오락,기타
60593000,복면가왕 ,0.1778005296523492,TV 연예/오락,기타
60593000,뿅뿅 지구오락실2 ,0.2928932188134524,TV 연예/오락,기타
60593000,런닝맨 ,0.1481481470443584,TV 연예/오락,기타
60593000,소방서 옆 경찰서 그리고 국과수 ,0.8203125,TV드라마,기타
60593000,신발 벗고 돌싱포맨 ,0.678125,TV 연예/오락,기타
60593000,심야괴담회 ,0.2285701954750607,TV 연예/오락,기타
60593000,한문철의 블랙박스 리뷰 ,0.6223018537832221,TV 시사/교양,인물/다큐
60593000,유 퀴즈 온 더 블럭 ,0.5833333333333333,TV 연예/오락,기타
60593000,미운우리새끼 ,0.42827548544314176,TV 연예/오락,기타
60593000,황금어장 라디오스타 ,0.5859375,TV 연예/오락,기타
60593000,회장님네 사람들 ,0.9558058261758408,TV 연예/오락,기타
60593000,히든싱어 시즌5 ,0.2928932188134524,TV 연예/오락,기타
60593000,야인시대 ,0.24999994039535522,TV드라마,기타
60593000,무장해제 ,0.25,TV 연예/오락,기타
60593000,박원숙의 같이 삽시다 시즌3 ,0.7112021186093967,TV 연예/오락,기타
60593000,놀면 뭐하니? ,0.596685436963188,TV 연예/오락,기타
60593000,꼬리에꼬리를무는그날이야기 ,0.09803921362025253,TV 시사/교양,기타
60593000,골 때리는 그녀들 ,0.44357638888888884,TV 연예/오락,기타
60593000,고딩엄빠 3 ,0.1171875,TV 연예/오락,기타
60593000,경이로운 소문2: 카운터 펀치 ,0.8203125,TV드라마,외화 시리즈
60593000,개는 훌륭하다 ,0.30765474759615385,TV 연예/오락,기타
60593000,강심장 리그 ,0.6464466094067263,TV 연예/오락,기타
60593000,동상이몽 2 너는 내 운명 ,0.9558058261758408,TV 연예/오락,기타
60675000,절색특공: 데드 스콜피온,0.2928932188134524,영화,액션/어드벤쳐
60675000,킬 샷: 7 스나이퍼,0.2928932188134524,영화,액션/어드벤쳐
60707000,닐로로 키둘의 아이들,0.2928932188134524,다큐,인물
60784000,투캅스,0.2928932188134524,영화,코미디
60784000,킬링 로맨스,0.2928932188134524,영화,코미디
60784000,신해석 삼국지,0.2928932188134524,영화,코미디
60784000,베니싱트윈,0.2928932188134524,영화,공포/스릴러
60784000,10일간의 애인,0.2928932188134524,영화,멜로
60790000,은교,0.2928932188134524,영화,멜로
60824000,트랜스포머: 비스트의 서막,0.2928932188134524,영화,액션/어드벤쳐
60824000,범죄도시3,0.2928932188134524,영화,액션/어드벤쳐
60824000,플래시,0.2928932188134524,영화,액션/어드벤쳐
60900000,런닝맨 ,0.9999999925494193,TV 연예/오락,기타
60915000,타요의 씽씽극장 동요2 ,0.9889514565439602,키즈,기타
60918000,전지적 참견 시점 ,0.18746763122034363,TV 연예/오락,기타
60918000,TV동물농장 ,0.3124997019767761,TV 연예/오락,기타
60918000,나 혼자산다 ,0.4371978913898739,TV 연예/오락,기타
60918000,이장과 군수,0.2928932188134524,영화,코미디
60939000,작적: 사라진 왕조의 비밀,0.2928932188134524,영화,액션/어드벤쳐
60939000,왕좌의 법칙,0.2928932188134524,영화,액션/어드벤쳐
60939000,이스케이프 프리즌,0.2928932188134524,영화,액션/어드벤쳐
60939000,완벽한 가족,0.2928932188134524,영화,드라마
60939000,젊은 남자,0.2928932188134524,영화,드라마
60939000,적인걸: 절대병기의 비밀,0.2928932188134524,영화,액션/어드벤쳐
60939000,영웅 천하의시작,0.2928932188134524,영화,액션/어드벤쳐
60939000,오늘,0.2928932188134524,영화,단편
60939000,인포서,0.5,영화,액션/어드벤쳐
60939000,가버나움,0.2928932188134524,영화,드라마
60939000,리볼버,0.2928932188134524,영화,드라마
60939000,안나,0.2928932188134524,영화,액션/어드벤쳐
60939000,더 모텔,0.2928932188134524,영화,공포/스릴러
60939000,더 독,0.2928932188134524,영화,액션/어드벤쳐
60939000,놉,0.2928932188134524,영화,공포/스릴러
60939000,노트르담 온 파이어,0.2928932188134524,영화,드라마
60939000,나폴레옹 토레스전투,0.2928932188134524,영화,드라마
60939000,장군의아들3,0.2928932188134524,영화,드라마
60939000,코펜하겐 스캔들,0.2928932188134524,영화,드라마
60939000,쿠툴룬: 전쟁의 여신,0.2928932188134524,영화,액션/어드벤쳐
60939000,더 컨트랙터,0.2928932188134524,영화,액션/어드벤쳐
60939000,그린 나이트,0.2928932188134524,영화,액션/어드벤쳐
60939000,화광여인,0.2928932188134524,영화,드라마
60939000,허리케인 쓰나미,0.2928932188134524,영화,액션/어드벤쳐
60939000,표적,0.2928932188134524,영화,액션/어드벤쳐
60939000,파이어하트,0.2928932188134524,영화,애니메이션
60939000,파송송계란탁,0.2928932188134524,영화,드라마
60939000,트랜스포머 최후의 기사,0.2928932188134524,영화,액션/어드벤쳐
60939000,쿵후시티: 허슬파이터,0.2928932188134524,영화,액션/어드벤쳐
60939000,49,0.2928932188134524,영화,액션/어드벤쳐
60939000,공작조: 현애지상,0.2928932188134524,영화,공포/스릴러
60939000,언더 파이어,0.2928932188134524,영화,액션/어드벤쳐
60939000,데이 투 다이,0.2928932188134524,영화,액션/어드벤쳐
60939000,존 윅 3: 파라벨룸,0.5,영화,액션/어드벤쳐
60939000,아바타: 물의 길,0.5,영화,SF/환타지
60939000,쎄시봉,0.2928932188134524,영화,멜로
60939000,브릭 맨션,0.2928932188134524,영화,액션/어드벤쳐
60939000,써스피션,0.2928932188134524,영화,공포/스릴러
60939000,슬픔의 삼각형,0.2928932188134524,영화,코미디
60939000,소림사: 영춘권 파이널,0.2928932188134524,영화,액션/어드벤쳐
60939000,블리딩 스틸,0.2928932188134524,영화,액션/어드벤쳐
60939000,분노의 추격자,0.2928932188134524,영화,액션/어드벤쳐
60939000,존 윅4,0.2928932188134524,영화,액션/어드벤쳐
60939000,배드 럭 뱅잉,0.2928932188134524,영화,드라마
60939000,모가디슈,0.2928932188134524,영화,액션/어드벤쳐
60939000,명장,0.5,영화,액션/어드벤쳐
60939000,메모리,0.2928932188134524,영화,액션/어드벤쳐
60939000,겟 더 걸,0.2928932188134524,영화,액션/어드벤쳐
60939000,루퍼,0.2928932188134524,영화,SF/환타지
60939000,루키,0.2928932188134524,영화,드라마
60939000,레 미제라블,0.2928932188134524,영화,드라마
60939000,라이프 잇셀프,0.2928932188134524,영화,드라마
60939000,미친 능력,0.2928932188134524,영화,액션/어드벤쳐
60939000,장군의아들2,0.2928932188134524,영화,드라마
60939000,피스트 오브 콘도르,0.2928932188134524,영화,액션/어드벤쳐
60939000,장군의아들,0.2928932188134524,영화,드라마
60939000,트랜스포머: 비스트의 서막,0.2928932188134524,영화,액션/어드벤쳐
60944000,궁금한이야기Y ,0.99447572827198,TV 연예/오락,기타
60952000,존 윅 3: 파라벨룸,0.5,영화,액션/어드벤쳐
60952000,런닝맨 ,0.33333333084980643,TV 연예/오락,기타
60955000,효심이네 각자도생 ,0.375,TV드라마,기타
60955000,하늘의 인연 ,0.9210508748104698,TV드라마,기타
60955000,킹더랜드 ,0.3543526785714286,TV드라마,기타
60955000,우아한 제국 ,0.5303870550783893,TV드라마,기타
60955000,우당탕탕 패밀리 ,0.9116116523516815,TV드라마,기타
60955000,비밀의 여자 ,0.1302302360502402,TV드라마,기타
60955000,가슴이 뛴다 ,0.0889002648261746,TV드라마,기타
60955000,금이야 옥이야 ,0.3253012048191725,TV드라마,기타
60955000,진짜가 나타났다! ,0.19980468750000002,TV드라마,기타
60984000,심야괴담회 ,0.6428536747736081,TV 연예/오락,기타
60984000,그것이알고싶다 ,0.21413774272157088,TV 시사/교양,기타
60984000,NFS 국과수 ,0.43096440627115085,TV 시사/교양,기타
60994000,꼬리에꼬리를무는그날이야기 ,0.9999999789265757,TV 시사/교양,기타
61065000,애프터시그널 ,0.5,TV 연예/오락,기타
61065000,돌싱글즈4 ,0.25,TV 연예/오락,기타
61065000,런닝맨 ,0.6428571380674838,TV 연예/오락,기타
61065000,인턴,0.2928932188134524,영화,코미디
61065000,나 혼자산다 ,0.07137924757385697,TV 연예/오락,기타
61075000,뽀로로 인기 동요 ,0.49965473301699875,키즈,기타
61075000,엉뚱발랄 콩순이와 친구들 5기 ,0.25,키즈,애니메이션
61075000,엉뚱발랄 콩순이와 친구들 스페셜 Part5 ,0.25,키즈,애니메이션
61080000,쇼퀸 ,0.43096440627115085,TV 연예/오락,기타
61080000,존 윅4,0.2928932188134524,영화,액션/어드벤쳐
61085000,블랙 아담,0.2928932188134524,영화,액션/어드벤쳐
61110000,킹더랜드 ,0.9921875,TV드라마,기타
61111000,메가로돈 2,0.2928932188134524,영화,액션/어드벤쳐
61113000,자석 놀이,0.2928932188134524,키즈,애니메이션
61113000,고래는 내 친구,0.2928932188134524,키즈,애니메이션
61113000,배탈이 났어요,0.2928932188134524,키즈,애니메이션
61113000,TV동물농장 ,0.2499997615814209,TV 연예/오락,기타
61141000,그것이알고싶다 ,0.09517233009847595,TV 시사/교양,기타
61141000,불타는 장미단 ,0.998618932067995,TV 연예/오락,기타
61141000,불타는 트롯맨 갈라콘서트 ,0.5,TV 연예/오락,기타
61141000,장미꽃 필 무렵 ,0.984375,TV 연예/오락,기타
61173000,짱구는 못말려: 동물소환 닌자,0.5,영화,애니메이션
61173000,보호자,0.2928932188134524,영화,액션/어드벤쳐
61181000,아파치 정션: 무법자의 지대,0.2928932188134524,영화,액션/어드벤쳐
61181000,리볼버,0.2928932188134524,영화,드라마
61186000,연인 파트1 ,0.9687499999999999,TV드라마,기타
61191000,아씨두리안 ,0.8749999999999999,TV드라마,기타
61226000,러브 포 세일,0.2928932188134524,영화,드라마
61296000,멍뭉이,0.5,영화,드라마
61296000,비밀의 여자 ,0.3038705507838938,TV드라마,기타
61312000,육사오,0.2928932188134524,영화,코미디
61312000,탈명검: 풍운재기,0.2928932188134524,영화,액션/어드벤쳐
61356000,런닝맨 ,0.9999999925494195,TV 연예/오락,기타
61362000,탈명검: 풍운재기,0.2928932188134524,영화,액션/어드벤쳐
61362000,마크맨,0.2928932188134524,영화,액션/어드벤쳐
61395000,청년경찰,0.2928932188134524,영화,액션/어드벤쳐
61395000,메가샤크,0.2928932188134524,영화,액션/어드벤쳐
61395000,육사오,0.2928932188134524,영화,코미디
61395000,꼬리에꼬리를무는그날이야기 ,0.7499999841949319,TV 시사/교양,기타
61408000,국민사형투표 ,0.2604604721004804,TV드라마,기타
61408000,귀공자,0.2928932188134524,영화,액션/어드벤쳐
61408000,인수대비 ,0.8317057291666667,TV드라마,기타
61408000,골 때리는 그녀들 ,0.11089409722222221,TV 연예/오락,기타
61408000,화랑 ,0.25,TV드라마,기타
61408000,한 번 다녀왔습니다 ,0.24609375,TV드라마,기타
61408000,연인 파트1 ,0.096875,TV드라마,기타
61492000,런닝맨 ,0.7499999944120644,TV 연예/오락,기타
61492000,플래시,0.2928932188134524,영화,액션/어드벤쳐
61573000,나는자연인이다 ,0.9375,TV 시사/교양,인물/다큐
61619000,너의 이름은,0.2928932188134524,영화,애니메이션
61619000,꼬리에꼬리를무는그날이야기 ,0.13333333052354343,TV 시사/교양,기타
61619000,경이로운 소문   경이로운 몰아보기,0.2928932188134524,TV드라마,외화 시리즈
61619000,말량n홍챠TV ,0.2928932188134524,TV애니메이션,기타
61619000,말량n홍챠TV 시즌2 ,0.2928932188134524,TV애니메이션,기타
61619000,명탐정코난 탐정들의진혼가,0.2928932188134524,영화,애니메이션
61619000,백앤아 Part2 ,0.21548220313557542,TV애니메이션,기타
61619000,백앤아 Part3 ,0.2928932188134524,TV애니메이션,기타
61619000,백앤아 게임튜브 ,0.2928932188134524,TV애니메이션,기타
61619000,백앤아 남매튜브 2 ,0.16464466094067265,TV애니메이션,기타
61619000,인디아나존스,0.2928932188134524,영화,액션/어드벤쳐
61619000,아바타: 물의 길,0.5,영화,SF/환타지
61619000,"원픽은, 흔한남매 ",0.2928932188134524,TV애니메이션,명랑/코믹
61667000,최강야구 ,0.9558058261758406,TV 연예/오락,기타
61671000,2억9천 : 결혼전쟁 ,0.9116116523516815,TV 연예/오락,기타
61683000,놀면 뭐하니? ,0.2651935275391947,TV 연예/오락,기타
61683000,개는 훌륭하다 ,0.1153705303485577,TV 연예/오락,기타
61683000,사장님 귀는 당나귀 귀 ,0.29166666666666663,TV 연예/오락,기타
61683000,실화탐사대 ,0.42480258941148474,TV 시사/교양,기타
61683000,오은영 리포트 결혼 지옥 ,0.3477059940928691,TV 시사/교양,기타
61683000,인간극장 ,0.09090909043014946,TV 시사/교양,기타
61683000,홍김동전 ,0.22716175426136362,TV 연예/오락,기타
61683000,동상이몽 2 너는 내 운명 ,0.7434045314700983,TV 연예/오락,기타
61683000,세상에이런일이 ,0.21548220313557542,TV 연예/오락,기타
61683000,런닝맨 ,0.11111111028326881,TV 연예/오락,기타
61683000,미운우리새끼 ,0.1903446601969519,TV 연예/오락,기타
61683000,TV동물농장 ,0.02499997615814209,TV 연예/오락,기타
61683000,나 혼자산다 ,0.2855169902954278,TV 연예/오락,기타
61683000,전지적 참견 시점 ,0.07998618932067995,TV 연예/오락,기타
61683000,황금어장 라디오스타 ,0.234375,TV 연예/오락,기타
61683000,하늘의 인연 ,0.026315739280299136,TV드라마,기타
61683000,그것이알고싶다 ,0.3806893203939038,TV 시사/교양,기타
61683000,우아한 제국 ,0.06629838188479867,TV드라마,기타
61683000,궁금한이야기Y ,0.3314919094239933,TV 연예/오락,기타
61689000,그것이알고싶다 ,0.9993094660339975,TV 시사/교양,기타
61767000,황실수사대,0.2928932188134524,영화,무협
61767000,범죄도시3,0.2928932188134524,영화,액션/어드벤쳐
61767000,미녀 특공대,0.2928932188134524,영화,액션/어드벤쳐
61767000,적인걸:심해용궁,0.2928932188134524,영화,액션/어드벤쳐
61773000,범죄도시3,0.2928932188134524,영화,액션/어드벤쳐
61779000,뮬란,0.2928932188134524,영화,액션/어드벤쳐
61779000,초대: 스와핑 데이,0.2928932188134524,영화,멜로
61779000,웨이트: 감각에 눈 뜰때,0.2928932188134524,영화,멜로
61779000,쎄시봉,0.2928932188134524,영화,멜로
61819000,진짜가 나타났다! ,0.19980468749999997,TV드라마,기타
61819000,범죄도시 2,0.2928932188134524,영화,액션/어드벤쳐
61819000,비밀의 여자 ,0.2604604721004804,TV드라마,기타
61819000,우아한 제국 ,0.13259676376959734,TV드라마,기타
61819000,하늘의 인연 ,0.46666577657063796,TV드라마,기타
61862000,짱구는 못말려 23기 ,0.7813814163014412,TV애니메이션,명랑/코믹
61862000,라이온킹,0.2928932188134524,영화,애니메이션
61862000,짱구는못말려:더비기닝 ,0.6464466094067263,TV애니메이션,명랑/코믹
61862000,도라에몽 진구의 남극꽁꽁대모험,0.2928932188134524,영화,애니메이션
61862000,SWF2 : 미방송분 레전드 스테이지,0.2928932188134524,TV 연예/오락,기타
61862000,스트릿 우먼 파이터 2 ,0.6585786437626906,TV 연예/오락,기타
61862000,잠자는 숲속의 공주,0.2928932188134524,키즈,기타
61862000,도라에몽 진구의비밀도구박물관,0.2928932188134524,영화,애니메이션
61900000,세상에 나쁜 개는 없다 시즌3 ,0.5625,다큐,자연
61900000,나는자연인이다 ,0.46875,TV 시사/교양,인물/다큐
61900000,TV동물농장 ,0.3636360168457031,TV 연예/오락,기타
61931000,"원픽은, 흔한남매 ",0.2928932188134524,TV애니메이션,명랑/코믹
61931000,세상에이런일이 ,0.43096440627115085,TV 연예/오락,기타
61931000,헤이지니 시즌1 ,0.2928932188134524,키즈,기타
61931000,엉뚱발랄 콩순이와 친구들 5기 ,0.25,키즈,애니메이션
61931000,헤이지니 럭키강이 시즌9 스페셜. ,0.2928932188134524,키즈,기타
61931000,엘리야 캠핑가자 ,0.2928932188134524,키즈,기타
61931000,서프라이즈 장난감 놀이 ,0.25,키즈,기타
61931000,헤이지니 럭키강이 시즌13 스페셜. ,0.2928932188134524,키즈,기타
61931000,슈퍼 마리오 브라더스,0.5,영화,애니메이션
61931000,히히튜브 공룡세상 ,0.2928932188134524,TV애니메이션,기타
61931000,헤이지니 럭키강이 시즌10 스페셜. ,0.2928932188134524,키즈,기타
61931000,악어TV Part3 ,0.2928932188134524,TV애니메이션,명랑/코믹
61931000,핑크퐁 공주이야기 ,0.2928932188134524,키즈,기타
61931000,캐빈의 호기심 아파트2 ,0.25,키즈,기타
61931000,악어TV 꼬리잡기 스페셜 ,0.2928932188134524,TV애니메이션,명랑/코믹
61931000,캐빈의 호기심 아파트 ,0.2928932188134524,키즈,기타
61931000,로빈TV 변신 몬스터 ,0.2928932188134524,TV애니메이션,명랑/코믹
61931000,악어TV 어몽어스 ,0.2928932188134524,TV애니메이션,명랑/코믹
61931000,엘리멘탈,0.2928932188134524,영화,애니메이션
61931000,역할놀이 ,0.2928932188134524,키즈,기타
61931000,캐리의 마녀 슬라임 연구소 ,0.2928932188134524,키즈,기타
61931000,캐리와친구들의 장난감놀이 시즌2 ,0.2928932188134524,키즈,기타
61931000,캐리와 함께 떠나는 여행 ,0.2928932188134524,키즈,기타
61931000,캐리와 친구들의 장난감놀이 시즌4 ,0.25,키즈,기타
61931000,체리툰 ,0.2928932188134524,TV애니메이션,명랑/코믹
61931000,유령,0.2928932188134524,영화,액션/어드벤쳐
61931000,잉여맨TV 몬스터 탈출 ,0.2928932188134524,TV애니메이션,명랑/코믹
61931000,지니강이 플러스 시즌2. ,0.2928932188134524,키즈,기타
61931000,엘리가간다 시즌7 ,0.25,키즈,기타
61931000,란이TV 시즌3 ,0.2928932188134524,TV애니메이션,기타
61931000,헤이지니 럭키강이 시즌12 스페셜. ,0.2928932188134524,키즈,기타
61931000,깨비키즈 캐롤송 ,0.2928932188134524,키즈,기타
61931000,헤이지니 럭키강이 시즌6 스페셜. ,0.2928932188134524,키즈,기타
61931000,흔한남매 ,0.2928932188134524,TV애니메이션,기타
61931000,깨비키즈 건강과 생활 ,0.2928932188134524,키즈,기타
61931000,깨비키즈 건강관리 ,0.2928932188134524,키즈,기타
61931000,란이TV 시즌2 ,0.2928932188134524,TV애니메이션,기타
61931000,깨비키즈 바른습관 ,0.2928932188134524,키즈,기타
61931000,깨비키즈 베스트동요 ,0.2928932188134524,키즈,기타
61931000,깨비키즈 생활안전 ,0.2928932188134524,키즈,기타
61931000,깨비키즈 소방안전 ,0.2928932188134524,키즈,기타
61931000,깨비키즈 역할놀이 ,0.2928932188134524,키즈,기타
61931000,깨비키즈 교통안전 ,0.2928932188134524,키즈,학습
61931000,깨비키즈 전래동화 ,0.2928932188134524,키즈,기타
62007000,명탐정코난 4기 ,0.5,TV애니메이션,추리/미스터리
62007000,나 홀로 집에,0.2928932188134524,영화,코미디
62007000,마이걸,0.2928932188134524,영화,멜로
62020000,심야괴담회 ,0.8181774042573194,TV 연예/오락,기타
62020000,홍김동전 ,0.1817294034090909,TV 연예/오락,기타
62208000,밀수,0.5,영화,액션/어드벤쳐
62210000,러브 포 세일,0.2928932188134524,영화,드라마
62210000,해피엔드,0.2928932188134524,영화,멜로
62212000,심야괴담회 ,0.8333288376694921,TV 연예/오락,기타
62212000,미운우리새끼 ,0.16655157767233292,TV 연예/오락,기타
62226000,뮬란,0.2928932188134524,영화,액션/어드벤쳐
62226000,타짜: 원 아이드 잭,0.2928932188134524,영화,드라마
62226000,사일런싱,0.2928932188134524,영화,공포/스릴러
62226000,마크맨,0.2928932188134524,영화,액션/어드벤쳐
62226000,초신경호: 수퍼 보디가드,0.2928932188134524,영화,액션/어드벤쳐
62226000,러브 포 세일,0.2928932188134524,영화,드라마
62226000,엽문외전,0.2928932188134524,영화,액션/어드벤쳐
62226000,스파이 코드명 포춘,0.2928932188134524,영화,액션/어드벤쳐
62231000,존 윅4,0.2928932188134524,영화,액션/어드벤쳐
62248000,해피엔드,0.2928932188134524,영화,멜로
62248000,러브 포 세일,0.2928932188134524,영화,드라마
62248000,러브 이세벨,0.2928932188134524,영화,멜로
62248000,초대: 스와핑 데이,0.2928932188134524,영화,멜로
62287000,드림,0.2928932188134524,영화,코미디
62287000,밀수,0.5,영화,액션/어드벤쳐
62323000,범죄도시3,0.2928932188134524,영화,액션/어드벤쳐
62353000,TV동물농장 ,0.9999990463256836,TV 연예/오락,기타
62358000,태어난 김에 세계일주2 ,0.4116116523516816,TV 연예/오락,기타
62358000,나 혼자산다 ,0.49965473301699875,TV 연예/오락,기타
62366000,메가 크로커다일,0.2928932188134524,영화,액션/어드벤쳐
62403000,집사TV ,0.2928932188134524,TV애니메이션,기타
62403000,슈퍼맨이돌아왔다 ,0.4116116523516816,TV 연예/오락,기타
62408000,존 윅 3: 파라벨룸,0.5,영화,액션/어드벤쳐
62408000,은교,0.2928932188134524,영화,멜로
62421000,소방서 옆 경찰서 그리고 국과수 ,0.24609375,TV드라마,기타
62421000,궁금한이야기Y ,0.4640886731935907,TV 연예/오락,기타
62421000,심야괴담회 ,0.14285637217191294,TV 연예/오락,기타
62421000,실화탐사대 ,0.21240129470574237,TV 시사/교양,기타
62421000,꼬리에꼬리를무는그날이야기 ,0.07843137089620202,TV 시사/교양,기타
62421000,맨인블랙박스 ,0.5625,TV 시사/교양,기타
62421000,그것이알고싶다 ,0.09517233009847595,TV 시사/교양,기타
62421000,1박2일 시즌4 ,0.14174107142857142,TV 연예/오락,기타
62421000,SBS스페셜 ,0.2928932188134524,TV 시사/교양,기타
62421000,과학수사대 스모킹 건 ,0.4758616504923797,TV 시사/교양,기타
62421000,국민사형투표 ,0.5209209442009608,TV드라마,기타
62421000,런닝맨 ,0.11111111028326881,TV 연예/오락,기타
62421000,신발 벗고 돌싱포맨 ,0.678125,TV 연예/오락,기타
62421000,아이두아이두 ,0.7434045314700983,TV드라마,기타
62421000,안싸우면 다행이야 ,0.16464466094067265,TV 연예/오락,기타
62421000,휴먼다큐 사노라면 ,0.9375,TV 시사/교양,인물/다큐
62421000,미운우리새끼 ,0.3806893203939038,TV 연예/오락,기타
62444000,분노의 질주: 라이드 오어 다이,0.2928932188134524,영화,액션/어드벤쳐
62444000,좋은놈 나쁜놈 이상한놈,0.2928932188134524,영화,액션/어드벤쳐
62444000,몽정기,0.2928932188134524,영화,코미디
62444000,육사오,0.2928932188134524,영화,코미디
62444000,애쉬 래드 2: 황금성을 찾아서,0.2928932188134524,영화,SF/환타지
62493000,킹더랜드 ,0.9921875,TV드라마,기타
62573000,적인걸:심해용궁,0.2928932188134524,영화,액션/어드벤쳐
62573000,강룡신장 소걸아,0.2928932188134524,영화,코미디
62573000,뮬란,0.2928932188134524,영화,액션/어드벤쳐
62573000,무사: 일대종사,0.2928932188134524,영화,액션/어드벤쳐
62573000,도신 지존천하,0.2928932188134524,영화,액션/어드벤쳐
62573000,조선변호사 ,0.25,TV드라마,기타
62573000,메가 크로커다일,0.2928932188134524,영화,액션/어드벤쳐
62573000,탈명검: 풍운재기,0.2928932188134524,영화,액션/어드벤쳐
62613000,홍김동전 외전 ,0.5,TV 연예/오락,기타
62613000,인디아나 존스: 운명의 다이얼,0.2928932188134524,영화,액션/어드벤쳐
62613000,심야괴담회 ,0.38888679091242967,TV 연예/오락,기타
62613000,1박2일 시즌4 ,0.5669642857142857,TV 연예/오락,기타
62637000,초대: 스와핑 데이,0.2928932188134524,영화,멜로
62637000,특수부대 풍운,0.2928932188134524,영화,액션/어드벤쳐
62637000,영웅 천하의시작,0.2928932188134524,영화,액션/어드벤쳐
62637000,뮬란,0.2928932188134524,영화,액션/어드벤쳐
62637000,특종병기 전랑,0.2928932188134524,영화,액션/어드벤쳐
62637000,해피엔드,0.2928932188134524,영화,멜로
62637000,탈명검: 풍운재기,0.2928932188134524,영화,액션/어드벤쳐
62637000,절색특공: 데드 스콜피온,0.2928932188134524,영화,액션/어드벤쳐
62637000,해운대,0.2928932188134524,영화,액션/어드벤쳐
62637000,적인걸:심해용궁,0.2928932188134524,영화,액션/어드벤쳐
62637000,순천부 : 살인가면,0.2928932188134524,영화,액션/어드벤쳐
62637000,언니,0.2928932188134524,영화,액션/어드벤쳐
62637000,러브 포 세일,0.2928932188134524,영화,드라마
62701000,실화탐사대 ,0.42480258941148474,TV 시사/교양,기타
62701000,나 혼자산다 ,0.062456841627124844,TV 연예/오락,기타
62701000,꼬리에꼬리를무는그날이야기 ,0.12499999736582196,TV 시사/교양,기타
62701000,범죄도시3,0.2928932188134524,영화,액션/어드벤쳐
62701000,동상이몽 2 너는 내 운명 ,0.10620064735287119,TV 연예/오락,기타
62701000,과학수사대 스모킹 건 ,0.062456841627124844,TV 시사/교양,기타
62701000,궁금한이야기Y ,0.39779029130879207,TV 연예/오락,기타
62716000,TV동물농장 ,0.9999990463256836,TV 연예/오락,기타
62723000,연인 파트1 ,0.1076388888888889,TV드라마,기타
62723000,돌아온방랑자,0.2928932188134524,영화,액션/어드벤쳐
62723000,백만장자가 되면,0.2928932188134524,영화,코미디
62723000,엄마아빠 오래 사세요,0.2928932188134524,영화,드라마
62723000,엘레지의 여왕,0.2928932188134524,영화,드라마
62723000,요절복통 일망타진,0.2928932188134524,영화,코미디
62723000,의처소동,0.2928932188134524,영화,코미디
62723000,철수무정,0.2928932188134524,영화,액션/어드벤쳐
62723000,특등비서,0.2928932188134524,영화,코미디
62779000,명탐정코난 4기 ,0.25,TV애니메이션,추리/미스터리
62779000,명탐정코난 6기 part2 ,0.2928932188134524,TV애니메이션,추리/미스터리
62779000,명탐정코난 15기 ,0.5,TV애니메이션,추리/미스터리
62809000,한국인의 식판 ,0.9116116523516815,TV 연예/오락,기타
62844000,엄마가 화났다,0.2928932188134524,키즈,학습
62844000,뽀로로 인기 동요 ,0.8565509708862835,키즈,기타
62844000,타요의 씽씽극장 시즌2 ,0.1875,키즈,애니메이션
62844000,띠띠뽀 띠띠뽀 시즌1 ,0.2928932188134524,키즈,기타
63016000,꾼,0.2928932188134524,영화,액션/어드벤쳐
63016000,인어공주,0.2928932188134524,영화,SF/환타지
63016000,너의 결혼식,0.2928932188134524,영화,로맨틱코미디
63016000,올빼미,0.2928932188134524,영화,공포/스릴러
63016000,영웅,0.2928932188134524,영화,드라마
63016000,공조,0.2928932188134524,영화,액션/어드벤쳐
63016000,밀수,0.5,영화,액션/어드벤쳐
63016000,연인 파트1 ,0.096875,TV드라마,기타
63016000,작전명 컴뱃,0.2928932188134524,영화,액션/어드벤쳐
63017000,극장판 명탐정코난 : 할로윈의 신부,0.2928932188134524,영화,애니메이션
63024000,진짜가 나타났다! ,0.9990234375000001,TV드라마,기타
63030000,경이로운 소문2: 카운터 펀치 ,0.41015625,TV드라마,외화 시리즈
63030000,초대: 스와핑 데이,0.2928932188134524,영화,멜로
63030000,유 퀴즈 온 더 블럭 ,0.14583333333333331,TV 연예/오락,기타
63030000,러브 이세벨,0.2928932188134524,영화,멜로
63030000,철인왕후 ,0.43096440627115085,TV드라마,외화 시리즈
63030000,알쓸별잡 ,0.2928932188134524,TV 시사/교양,기타
63030000,스트릿 우먼 파이터 ,0.2928932188134524,TV 연예/오락,기타
63030000,러브 포 세일,0.2928932188134524,영화,드라마
63030000,SWF2 : 미방송분 레전드 스테이지,0.2928932188134524,TV 연예/오락,기타
63030000,스트릿 우먼 파이터 2 ,0.8232233047033631,TV 연예/오락,기타
63031000,이장과 군수,0.2928932188134524,영화,코미디
63076000,타요의 씽씽극장 동요2 ,0.9128782675790402,키즈,기타
63076000,바다탐험대 옥토넛 시즌2 ,0.2928932188134524,키즈,애니메이션
63076000,뽀로로와 노래해요 NEW 1 ,0.9889514565439602,키즈,애니메이션
63084000,런닝맨 ,0.9999999925494193,TV 연예/오락,기타
63086000,백앤아 Part2 ,0.43096440627115085,TV애니메이션,기타
63086000,마법버스 타요 ,0.6464466094067263,키즈,애니메이션
63086000,백앤아 게임튜브 ,0.2928932188134524,TV애니메이션,기타
63086000,몬스터 신부: 101번째 프로포즈,0.2928932188134524,영화,애니메이션
63086000,로빈TV 미니게임 PART4 ,0.75,TV애니메이션,기타
63086000,슈퍼 마리오 브라더스,0.25,영화,애니메이션
63086000,마카앤로니2. ,0.90234375,키즈,애니메이션
63086000,하울의 움직이는 성,0.2928932188134524,영화,애니메이션
63086000,프렌즈 2022. ,0.43096440627115085,키즈,애니메이션
63086000,티티체리 ,0.5,키즈,기타
63086000,슈퍼배드2,0.2928932188134524,영화,애니메이션
63086000,크니쁘니히어로즈 ,0.43096440627115085,키즈,애니메이션
63086000,뽀롱뽀롱 뽀로로 시즌6 ,0.25,키즈,애니메이션
63086000,지니강이 플러스 시즌9. ,0.2928932188134524,키즈,기타
63086000,지니강이 플러스 시즌8. ,0.2928932188134524,키즈,기타
63086000,지니강이 플러스 시즌7. ,0.25,키즈,기타
63086000,장화신은고양이,0.2928932188134524,영화,애니메이션
63086000,우당탕탕 에디의 실험실 ,0.7291666666666667,키즈,기타
63086000,백앤아 남매튜브 2 ,0.49393398282201784,TV애니메이션,기타
63086000,엘리가간다 시즌4 ,0.933837890625,키즈,기타
63101000,홍김동전 ,0.6814852627840908,TV 연예/오락,기타
63101000,멍뭉이,0.5,영화,드라마
63101000,안하던 짓을 하고 그래 ,0.5,TV 연예/오락,기타
63101000,뒤틀린 집,0.2928932188134524,영화,공포/스릴러
63101000,뭉뜬리턴즈 ,0.6464466094067263,TV 연예/오락,기타
63117000,러브 포 세일,0.2928932188134524,영화,드라마
63128000,인디아나 존스: 운명의 다이얼,0.2928932188134524,영화,액션/어드벤쳐
63128000,비닐하우스,0.2928932188134524,영화,공포/스릴러
63128000,존 윅4,0.2928932188134524,영화,액션/어드벤쳐
63128000,멍뭉이,0.5,영화,드라마
63308000,골 때리는 그녀들 ,0.9980468749999999,TV 연예/오락,기타
63331000,트랜스포머: 비스트의 서막,0.2928932188134524,영화,액션/어드벤쳐
63370000,터널,0.2928932188134524,영화,드라마
63380000,핑크퐁 모양송 ,0.5,키즈,기타
63380000,순천부 : 살인가면,0.2928932188134524,영화,액션/어드벤쳐
63380000,핑크퐁 바다동물동요 ,0.5,키즈,기타
63380000,핑크퐁 율동동요 ,0.6585786437626906,키즈,기타
63387000,런닝맨 ,0.9999999925494193,TV 연예/오락,기타
63411000,TV동물농장 ,0.2999997138977051,TV 연예/오락,기타
63411000,과학수사대 스모킹 건 ,0.4996547330169987,TV 시사/교양,기타
63411000,슈퍼맨이돌아왔다 ,0.3292893218813453,TV 연예/오락,기타
63419000,진짜가 나타났다! ,0.08325195312500001,TV드라마,기타
63419000,1박2일 시즌4 ,0.16536458333333334,TV 연예/오락,기타
63419000,태어난 김에 세계일주2 ,0.3292893218813453,TV 연예/오락,기타
63419000,복면가왕 ,0.0889002648261746,TV 연예/오락,기타
63419000,7인의 탈출 ,0.1875,TV드라마,기타
63419000,미운우리새끼 ,0.08327578883616646,TV 연예/오락,기타
63419000,그것이알고싶다 ,0.08327578883616646,TV 시사/교양,기타
63419000,뭐라도 남기리 ,0.5625,TV 시사/교양,기타
63665000,왔다 장보리 ,0.933837890625,TV드라마,기타
63665000,내 딸 금사월 ,0.99609375,TV드라마,기타
63762000,진짜가 나타났다! ,0.9990234375000001,TV드라마,기타
63836000,심야괴담회 ,0.4999973026016953,TV 연예/오락,기타
63836000,모가디슈,0.2928932188134524,영화,액션/어드벤쳐
63844000,리볼버,0.2928932188134524,영화,드라마
64027000,존 윅 3: 파라벨룸,0.5,영화,액션/어드벤쳐
64027000,육사오,0.2928932188134524,영화,코미디
64027000,마크맨,0.2928932188134524,영화,액션/어드벤쳐
64027000,표적,0.2928932188134524,영화,액션/어드벤쳐
64040000,꼬리에꼬리를무는그날이야기 ,0.9999999789265757,TV 시사/교양,기타
64081000,편의점 샛별이 ,0.99447572827198,TV드라마,기타
64081000,콘크리트 유토피아,0.2928932188134524,영화,드라마
64081000,귀공자,0.2928932188134524,영화,액션/어드벤쳐
64081000,하나뿐인 내편 ,0.9779029130879204,TV드라마,기타
64081000,시크릿가든 ,0.75,TV드라마,기타
64081000,오자룡이 간다 ,0.9990234375,TV드라마,기타
64081000,존 윅4,0.2928932188134524,영화,액션/어드벤쳐
64081000,은교,0.2928932188134524,영화,멜로
64081000,밀수,0.5,영화,액션/어드벤쳐
64124000,사자,0.2928932188134524,영화,액션/어드벤쳐
64124000,부산,0.2928932188134524,영화,액션/어드벤쳐
64124000,법대로 사랑하라 ,0.25,TV드라마,기타
64124000,귀신이산다,0.2928932188134524,영화,코미디
64124000,천원짜리 변호사 ,0.984375,TV드라마,기타
64124000,텔미썸딩,0.2928932188134524,영화,공포/스릴러
64130000,소방서 옆 경찰서 그리고 국과수 ,0.73828125,TV드라마,기타
64130000,구해줘! 홈즈 ,0.7883833674221014,TV 연예/오락,기타
64130000,옥탑방의 문제아들 ,0.5,TV 연예/오락,기타
64130000,오은영 리포트 결혼 지옥 ,0.08692649852321728,TV 시사/교양,기타
64130000,나 혼자산다 ,0.33310315534466584,TV 연예/오락,기타
64130000,동상이몽 2 너는 내 운명 ,0.9558058261758408,TV 연예/오락,기타
64130000,사장님 귀는 당나귀 귀 ,0.4375,TV 연예/오락,기타
64130000,존 윅4,0.2928932188134524,영화,액션/어드벤쳐
64130000,신발 벗고 돌싱포맨 ,0.775,TV 연예/오락,기타
64130000,황금어장 라디오스타 ,0.5859375,TV 연예/오락,기타
64130000,효심이네 각자도생 ,0.5625,TV드라마,기타
64130000,살림하는 남자들 2 ,0.25,TV 연예/오락,기타
64130000,개는 훌륭하다 ,0.1153705303485577,TV 연예/오락,기타
64130000,런닝맨 ,0.0370370367610896,TV 연예/오락,기타
64130000,전지적 참견 시점 ,0.27995166262237986,TV 연예/오락,기타
64130000,세컨 하우스2 ,0.5625,TV 연예/오락,기타
64130000,놀면 뭐하니? ,0.19889514565439603,TV 연예/오락,기타
64130000,홍김동전 ,0.09086470170454546,TV 연예/오락,기타
64130000,국민사형투표 ,0.3906907081507206,TV드라마,기타
64130000,미운우리새끼 ,0.33310315534466584,TV 연예/오락,기타
64130000,7인의 탈출 ,0.75,TV드라마,기타
64130000,금이야 옥이야 ,0.40963855421673573,TV드라마,기타
64131000,26년,0.2928932188134524,영화,액션/어드벤쳐
64131000,가려진 시간,0.2928932188134524,영화,드라마
64131000,악마들,0.2928932188134524,영화,액션/어드벤쳐
64131000,보호자,0.2928932188134524,영화,액션/어드벤쳐
64131000,표적,0.2928932188134524,영화,액션/어드벤쳐
64151000,러브 이세벨,0.2928932188134524,영화,멜로
64154000,최강 배달꾼 ,0.99609375,TV드라마,기타
64154000,해피엔드,0.2928932188134524,영화,멜로
64154000,야인시대 ,0.4772726134820418,TV드라마,기타
64154000,사랑의 불시착 ,0.99609375,TV드라마,외화 시리즈
64154000,2022 역사저널 그날 ,0.43096440627115085,TV 시사/교양,기타
64154000,38 사기동대 ,0.99609375,TV드라마,외화 시리즈
64154000,놀면 뭐하니? ,0.5303870550783893,TV 연예/오락,기타
64154000,경이로운 소문 ,0.8496051788229695,TV드라마,외화 시리즈
64154000,타짜: 원 아이드 잭,0.2928932188134524,영화,드라마
64154000,경이로운 소문2: 카운터 펀치 ,0.8203125,TV드라마,외화 시리즈
64154000,동갑내기과외하기,0.2928932188134524,영화,코미디
64154000,벌거벗은 한국사 ,0.7434045314700983,TV 연예/오락,기타
64154000,런닝맨 ,0.055555555141634405,TV 연예/오락,기타
64154000,명불허전 ,0.9281773463871814,TV드라마,외화 시리즈
64154000,해운대,0.2928932188134524,영화,액션/어드벤쳐
64154000,골 때리는 그녀들 ,0.6099175347222223,TV 연예/오락,기타
64154000,삼시세끼 어촌편 2 ,0.6464466094067263,TV 연예/오락,기타
64154000,삼시세끼 어촌편 3 ,0.9116116523516815,TV 연예/오락,기타
64154000,삼시세끼 바다목장편 ,0.8496051788229695,TV 연예/오락,기타
64154000,스토브리그 ,0.9889514565439602,TV드라마,기타
64154000,이장과 군수,0.2928932188134524,영화,코미디
64154000,플레이어 ,0.8232233047033631,TV드라마,외화 시리즈
64154000,보안관,0.2928932188134524,영화,드라마
64154000,신서유기 시즌7 ,0.9375,TV 연예/오락,기타
64154000,"설날특집 골 때리는 그녀들, 골림픽 ",0.2928932188134524,TV 연예/오락,기타
64154000,슬기로운 감빵생활 ,0.9779029130879204,TV드라마,외화 시리즈
64154000,응답하라 1988 ,0.9385768133044612,TV드라마,외화 시리즈
64154000,귀신이산다,0.2928932188134524,영화,코미디
64154000,응답하라1994 ,0.8890026482617458,TV드라마,외화 시리즈
64168000,후궁 제왕의첩,0.2928932188134524,영화,멜로
64169000,그것이알고싶다 ,0.9993094660339975,TV 시사/교양,기타
64218000,존 윅4,0.2928932188134524,영화,액션/어드벤쳐
64252000,연인 파트1 ,0.9687499999999999,TV드라마,기타
64282000,끝까지 간다,0.2928932188134524,영화,액션/어드벤쳐
64282000,더 컨트랙터,0.2928932188134524,영화,액션/어드벤쳐
64282000,엽문외전,0.2928932188134524,영화,액션/어드벤쳐
64282000,스파이,0.2928932188134524,영화,액션/어드벤쳐
64282000,존 윅 3: 파라벨룸,0.5,영화,액션/어드벤쳐
64282000,빅매치,0.2928932188134524,영화,액션/어드벤쳐
64282000,임파서블 러브,0.2928932188134524,영화,드라마
64282000,마크맨,0.2928932188134524,영화,액션/어드벤쳐
64282000,리볼버,0.2928932188134524,영화,드라마
64282000,표적,0.2928932188134524,영화,액션/어드벤쳐
64282000,메가샤크,0.2928932188134524,영화,액션/어드벤쳐
64300000,말죽거리잔혹사,0.2928932188134524,영화,액션/어드벤쳐
64329000,파뿌리TV Part1 ,0.2928932188134524,TV애니메이션,기타
64329000,짱구는 못말려 23기 ,0.22790291308792035,TV애니메이션,명랑/코믹
64329000,파뿌리TV Part2 ,0.2928932188134524,TV애니메이션,기타
64329000,"원픽은, 흔한남매 ",0.2928932188134524,TV애니메이션,명랑/코믹
64364000,밀수,0.5,영화,액션/어드벤쳐
64364000,올빼미,0.2928932188134524,영화,공포/스릴러
64364000,인어공주,0.2928932188134524,영화,SF/환타지
64370000,러브 포 세일,0.2928932188134524,영화,드라마
64376000,화차,0.2928932188134524,영화,공포/스릴러
64376000,비닐하우스,0.2928932188134524,영화,공포/스릴러
64376000,그것이알고싶다 ,0.07686995892569211,TV 시사/교양,기타
64376000,궁금한이야기Y ,0.15299626588799692,TV 연예/오락,기타
64376000,오은영 리포트 결혼 지옥 ,0.07689651792438451,TV 시사/교양,기타
64376000,실화탐사대 ,0.531003236764356,TV 시사/교양,기타
64376000,사일런싱,0.2928932188134524,영화,공포/스릴러
64376000,옆집사람,0.2928932188134524,영화,공포/스릴러
64385000,동물극장 단짝 ,0.8203125,TV 시사/교양,기타
64385000,물 건너온 아빠들 ,0.21548220313557542,TV 연예/오락,기타
64385000,내일은 위닝샷 ,0.5625,TV 연예/오락,기타
64385000,TV동물농장 ,0.5999994277954102,TV 연예/오락,기타
64385000,과학수사대 스모킹 건 ,0.1903446601969519,TV 시사/교양,기타
64385000,그것이알고싶다 ,0.23793082524618986,TV 시사/교양,기타
64385000,꼬리에꼬리를무는그날이야기 ,0.13725489906835356,TV 시사/교양,기타
64385000,고기서 만나 ,0.43096440627115085,TV 연예/오락,기타
64385000,나 혼자산다 ,0.09517233009847595,TV 연예/오락,기타
64385000,"닭, 싸움 ",0.25,TV드라마,기타
64385000,한문철의 블랙박스 리뷰 ,0.1778005296523492,TV 시사/교양,인물/다큐
64385000,런닝맨 ,0.1296296286638136,TV 연예/오락,기타
64385000,식객 허영만의 백반기행 ,0.3556010593046984,TV 시사/교양,인물/다큐
64385000,신랑수업 ,0.8075937124399039,TV 연예/오락,기타
64385000,골 때리는 그녀들 ,0.16634114583333331,TV 연예/오락,기타
64385000,형제라면 ,0.8203125,TV 연예/오락,기타
64385000,복면가왕 ,0.5334015889570475,TV 연예/오락,기타
64385000,손대면 핫플 동네멋집 ,0.9116116523516815,TV 연예/오락,기타
64385000,조선의 사랑꾼  ,0.5234478155416178,TV 연예/오락,기타
64385000,전지적 참견 시점 ,0.3199447572827198,TV 연예/오락,기타
64385000,일타강사 ,0.21548220313557542,TV 연예/오락,기타
64385000,웃는 사장 ,0.25,TV드라마,기타
64385000,와이낫크루   뜻밖의 여행 ,0.25,TV 연예/오락,기타
64385000,아는 형님 ,0.375,TV 연예/오락,기타
64385000,신상 출시 편스토랑 ,0.8331298828125,TV 연예/오락,기타
64385000,걸어서 환장 속으로 ,0.25,TV 연예/오락,기타
64388000,거미입니다만 문제라도? ,0.2928932188134524,TV애니메이션,액션/모험
64388000,헬크 ,0.2928932188134524,TV애니메이션,명랑/코믹
64399000,스파이 코드명 포춘,0.2928932188134524,영화,액션/어드벤쳐
64399000,엘리멘탈,0.2928932188134524,영화,애니메이션
64399000,킬링 디어,0.2928932188134524,영화,공포/스릴러
64399000,투모로우랜드,0.2928932188134524,영화,SF/환타지
64399000,커플스와핑,0.2928932188134524,영화,드라마
64399000,귀멸의 칼날: 도공 마을편 ,0.5625,TV애니메이션,액션/모험
64399000,극장판 주술회전 0,0.2928932188134524,영화,액션/어드벤쳐
64399000,스파이더맨: 어크로스 더 유니버스,0.2928932188134524,영화,애니메이션
64399000,에반게리온 신극장판 : 서,0.2928932188134524,영화,애니메이션
64399000,비공식작전,0.2928932188134524,영화,드라마
64399000,람보르기니 : 전설이 된 남자,0.2928932188134524,영화,드라마
64399000,바비,0.2928932188134524,영화,코미디
64399000,블랙 워터: 어비스,0.2928932188134524,영화,공포/스릴러
64443000,미운우리새끼 ,0.08327578883616646,TV 연예/오락,기타
64443000,노래하는 대한민국 ,0.775,TV 연예/오락,기타
64443000,화요일은 밤이 좋아 ,0.24930946603399753,TV 연예/오락,기타
64479000,해피엔드,0.2928932188134524,영화,멜로
64495000,신과함께 인과연,0.2928932188134524,영화,SF/환타지
64495000,심야괴담회 ,0.04347802631319089,TV 연예/오락,기타
64495000,꼬리에꼬리를무는그날이야기 ,0.913043459019917,TV 시사/교양,기타
64520000,세상에 나쁜 개는 없다 시즌3 ,0.1875,다큐,자연
64520000,꼬리에꼬리를무는그날이야기 ,0.11111110876961953,TV 시사/교양,기타
64520000,최강야구 ,0.10620064735287119,TV 연예/오락,기타
64520000,한문철의 블랙박스 리뷰 ,0.10865587923199117,TV 시사/교양,인물/다큐
64520000,개는 훌륭하다 ,0.5554877387152778,TV 연예/오락,기타
64521000,연인 파트1 ,0.96875,TV드라마,기타
64536000,꼬리에꼬리를무는그날이야기 ,0.4999999894632879,TV 시사/교양,기타
64536000,그것이알고싶다 ,0.4996547330169987,TV 시사/교양,기타
64551000,스파이더맨: 어크로스 더 유니버스,0.2928932188134524,영화,애니메이션
64551000,지니강이 플러스 시즌2. ,0.2928932188134524,키즈,기타
64590000,천원짜리 변호사 ,0.65625,TV드라마,기타
64590000,아임 히어로 더 파이널,0.2928932188134524,영화,다큐멘터리
64612000,에어 포스: 라스트 워,0.2928932188134524,영화,액션/어드벤쳐
64612000,엽문의 시작,0.2928932188134524,영화,액션/어드벤쳐
64612000,이스케이프 더 보트,0.2928932188134524,영화,공포/스릴러
64612000,아수라장: 범털들의 전쟁,0.2928932188134524,영화,액션/어드벤쳐
64612000,활: 추격자 스부,0.2928932188134524,영화,액션/어드벤쳐
64612000,귀공자,0.2928932188134524,영화,액션/어드벤쳐
64612000,한산 리덕스,0.2928932188134524,영화,액션/어드벤쳐
64612000,존 윅 3: 파라벨룸,0.5,영화,액션/어드벤쳐
64612000,고스트랜드,0.2928932188134524,영화,액션/어드벤쳐
64612000,라이드 온,0.2928932188134524,영화,액션/어드벤쳐
64612000,노래하는 대한민국 ,0.096875,TV 연예/오락,기타
64612000,존 윅4,0.2928932188134524,영화,액션/어드벤쳐
64612000,범죄도시3,0.2928932188134524,영화,액션/어드벤쳐
64621000,경이로운 소문2: 카운터 펀치 ,0.984375,TV드라마,외화 시리즈
64649000,후궁 제왕의첩,0.2928932188134524,영화,멜로
64649000,은교,0.2928932188134524,영화,멜로
64649000,해피엔드,0.2928932188134524,영화,멜로
64659000,범죄도시3,0.2928932188134524,영화,액션/어드벤쳐
64659000,응답하라 1988 ,0.058661050831528824,TV드라마,외화 시리즈
64659000,그것이알고싶다 ,0.047586165049237975,TV 시사/교양,기타
64659000,공조2: 인터내셔날,0.2928932188134524,영화,액션/어드벤쳐
64659000,감각의 제국 감독판,0.2928932188134524,영화,멜로
64659000,소방서 옆 경찰서 그리고 국과수 ,0.8203125,TV드라마,기타
64659000,NFS 국과수 ,0.6464466094067263,TV 시사/교양,기타
64659000,2023 역사저널 그날 ,0.6511511802512011,TV 시사/교양,기타
64659000,이하이   머리어깨무릎발 ,0.2928932188134524,공연/음악,기타
64659000,동상이몽 2 너는 내 운명 ,0.10620064735287119,TV 연예/오락,기타
64659000,트롯 전국체전 ,0.29330525415764414,TV 연예/오락,기타
64659000,과몰입 인생사 ,0.5,TV 연예/오락,기타
64659000,극한직업 ,0.3292893218813453,다큐,인물
64659000,다큐 플렉스 ,0.43096440627115085,TV 시사/교양,기타
64659000,소방서 옆 경찰서 ,0.8890026482617458,TV드라마,기타
64659000,국민사형투표 ,0.3906907081507206,TV드라마,기타
64659000,과학수사대 스모킹 건 ,0.42827548544314176,TV 시사/교양,기타
64659000,이슈 픽 쌤과 함께 ,0.5625,TV 시사/교양,기타
64659000,건축탐구 집 ,0.1875,다큐,역사
64667000,가요무대 ,0.9843749999999999,TV 연예/오락,기타
64680000,밀수,0.5,영화,액션/어드벤쳐
64680000,연인 파트1 ,0.96875,TV드라마,기타
64680000,범죄도시3,0.2928932188134524,영화,액션/어드벤쳐
64680000,천원짜리 변호사 ,0.984375,TV드라마,기타
64680000,메타모르포제의 툇마루,0.2928932188134524,영화,드라마
64680000,아라문의 검 ,0.2928932188134524,TV드라마,외화 시리즈
64680000,닥터 프리즈너 ,0.2928932188134524,TV드라마,기타
64680000,천원짜리 변호사 스페셜,0.2928932188134524,TV드라마,기타
64680000,아씨두리안 ,0.14583333333333331,TV드라마,기타
64680000,인디아나 존스: 운명의 다이얼,0.2928932188134524,영화,액션/어드벤쳐
64680000,텐트 밖은 유럽 노르웨이 편 ,0.5,TV 연예/오락,기타
64680000,TV동물농장 ,0.02499997615814209,TV 연예/오락,기타
64680000,김과장 ,0.2928932188134524,TV드라마,기타
64680000,명곡제작소 ,0.2928932188134524,TV 연예/오락,기타
64680000,뭉쳐야 뜬다 ,0.5,TV 연예/오락,기타
64680000,한산 리덕스,0.2928932188134524,영화,액션/어드벤쳐
64680000,더 문,0.2928932188134524,영화,SF/환타지
64717000,후궁 제왕의첩,0.2928932188134524,영화,멜로
64720000,낭만닥터 김사부3 ,0.3816105769230769,TV드라마,기타
64720000,천원짜리 변호사 ,0.4921875,TV드라마,기타
64720000,러브 포 세일,0.2928932188134524,영화,드라마
64720000,해피엔드,0.2928932188134524,영화,멜로
64756000,극한직업 ,0.8232233047033632,다큐,인물
64757000,절색특공: 데드 스콜피온,0.2928932188134524,영화,액션/어드벤쳐
64757000,탈명검: 풍운재기,0.2928932188134524,영화,액션/어드벤쳐
64757000,범죄도시3,0.2928932188134524,영화,액션/어드벤쳐
64764000,불타는 장미단 ,0.1536336818566146,TV 연예/오락,기타
64764000,미스터 로또 ,0.8449852502113804,TV 연예/오락,기타
64776000,에드머 너 몰래 먹방 ASMR ,0.2928932188134524,TV애니메이션,기타
64776000,이리지니TV ,0.2928932188134524,TV애니메이션,기타
64776000,런민기TV 시즌4 카러플 ,0.2928932188134524,TV애니메이션,기타
64776000,말량n홍챠TV ,0.2928932188134524,TV애니메이션,기타
64834000,심야괴담회 ,0.9999946052033906,TV 연예/오락,기타
64840000,존 윅 3: 파라벨룸,0.5,영화,액션/어드벤쳐
64871000,놀면 뭐하니? ,0.7458567962039852,TV 연예/오락,기타
64871000,나 혼자산다 ,0.24982736650849938,TV 연예/오락,기타
64928000,밀수,0.5,영화,액션/어드벤쳐
64944000,다이노코어 시즌1. ,0.2928932188134524,TV애니메이션,액션/모험
64944000,마카앤로니2 ,0.2928932188134524,TV애니메이션,명랑/코믹
64944000,반짝반짝 캐치! 티니핑 ,0.2928932188134524,키즈,애니메이션
64944000,빼꼼 시즌1 ,0.2928932188134524,키즈,애니메이션
64944000,알쏭달쏭 캐치! 티니핑 ,0.2928932188134524,키즈,애니메이션
64959000,보안관,0.2928932188134524,영화,드라마
64959000,멍뭉이,0.5,영화,드라마
64965000,타요의 씽씽극장 동요2 ,0.9889514565439602,키즈,기타
64966000,무간도 5 : 생사잠행,0.2928932188134524,영화,액션/어드벤쳐
64966000,26년,0.2928932188134524,영화,액션/어드벤쳐
64966000,귀공자,0.2928932188134524,영화,액션/어드벤쳐
64982000,미스터 주: 사라진 VIP,0.2928932188134524,영화,코미디
64982000,런닝맨 ,0.7499999944120644,TV 연예/오락,기타
64984000,터널,0.2928932188134524,영화,드라마
64984000,연인 파트1 ,0.484375,TV드라마,기타
64984000,친구2,0.2928932188134524,영화,액션/어드벤쳐
64984000,야경꾼 일지 ,0.8232233047033631,TV드라마,기타
64984000,일지매 ,0.9490722656249999,TV드라마,기타
64984000,조선 총잡이 ,0.849169921875,TV드라마,기타
64984000,악귀 ,0.75,TV드라마,기타
64984000,금토드라마 연인 더 비기닝,0.2928932188134524,TV드라마,기타
64984000,살수,0.2928932188134524,영화,액션/어드벤쳐
64984000,공조 2: 인터내셔날,0.2928932188134524,영화,액션/어드벤쳐
64984000,이장과 군수,0.2928932188134524,영화,코미디
64984000,극적인하룻밤,0.2928932188134524,영화,멜로
64984000,개는 훌륭하다 ,0.7691368689903847,TV 연예/오락,기타
64984000,경이로운 소문 ,0.7434045314700983,TV드라마,외화 시리즈
64984000,신과함께 인과연,0.2928932188134524,영화,SF/환타지
64984000,국민사형투표 ,0.2604604721004804,TV드라마,기타
64984000,검객,0.2928932188134524,영화,액션/어드벤쳐
64984000,인포서,0.5,영화,액션/어드벤쳐
64984000,각시탈 ,0.8871527777777777,TV드라마,기타
65015000,화요일은 밤이 좋아 ,0.1759831524945865,TV 연예/오락,기타
65015000,미스터 로또 ,0.15767667348442024,TV 연예/오락,기타
65015000,트랄랄라 브라더스 ,0.96875,TV 연예/오락,기타
65015000,메가로돈 2,0.2928932188134524,영화,액션/어드벤쳐
65015000,미스터트롯2 ,0.46875,TV 연예/오락,기타
65015000,벌거벗은 세계사 ,0.5,TV 연예/오락,기타
65029000,극장판 헬로카봇 : 백악기 시대,0.2928932188134524,영화,애니메이션
65104000,금쪽같은 내새끼 ,0.2928932188134524,TV 연예/오락,기타
65111000,존 윅 3: 파라벨룸,0.5,영화,액션/어드벤쳐
65126000,금토드라마 연인 더 비기닝,0.2928932188134524,TV드라마,기타
65130000,멍뭉이,0.5,영화,드라마
65130000,리바운드,0.2928932188134524,영화,드라마
65156000,표적,0.2928932188134524,영화,액션/어드벤쳐
65156000,스파이,0.2928932188134524,영화,액션/어드벤쳐
65156000,보안관,0.2928932188134524,영화,드라마
65156000,은교,0.2928932188134524,영화,멜로
65156000,26년,0.2928932188134524,영화,액션/어드벤쳐
65173000,밀수,0.5,영화,액션/어드벤쳐
65183000,심야괴담회 ,0.9999946052033906,TV 연예/오락,기타
65219000,콩순이 율동교실 5기 ,0.6464466094067263,키즈,기타
65226000,표적,0.2928932188134524,영화,액션/어드벤쳐
65226000,히트맨,0.2928932188134524,영화,코미디
65226000,이장과 군수,0.2928932188134524,영화,코미디
65226000,미스터 주: 사라진 VIP,0.2928932188134524,영화,코미디
65226000,귀신이산다,0.2928932188134524,영화,코미디
65226000,리볼버,0.2928932188134524,영화,드라마
65242000,범죄도시3,0.2928932188134524,영화,액션/어드벤쳐
65260000,꼬리에꼬리를무는그날이야기 ,0.8571428390799221,TV 시사/교양,기타
65260000,악마들,0.2928932188134524,영화,액션/어드벤쳐
65265000,멍뭉이,0.5,영화,드라마
65265000,미운우리새끼 ,0.3155714103265255,TV 연예/오락,기타
65265000,나 혼자산다 ,0.3155714103265255,TV 연예/오락,기타
65265000,존 윅 3: 파라벨룸,0.5,영화,액션/어드벤쳐
65265000,하울링,0.2928932188134524,영화,드라마
65265000,퇴마 무녀굴,0.2928932188134524,영화,공포/스릴러
65265000,티끌모아로맨스,0.2928932188134524,영화,로맨틱코미디
65276000,더웹툰 예고살인,0.2928932188134524,영화,공포/스릴러
65305000,존 윅4,0.2928932188134524,영화,액션/어드벤쳐
65306000,악어TV 어몽어스 ,0.2928932188134524,TV애니메이션,명랑/코믹
65309000,용쟁호투:전설의 시작,0.2928932188134524,영화,액션/어드벤쳐
65309000,특수부대 비룡,0.2928932188134524,영화,액션/어드벤쳐
65309000,순천부 : 살인가면,0.2928932188134524,영화,액션/어드벤쳐
65309000,전설의 검,0.2928932188134524,영화,액션/어드벤쳐
65309000,포청천 무덤의 비밀,0.2928932188134524,영화,액션/어드벤쳐
65309000,러브 포 세일,0.2928932188134524,영화,드라마
65309000,첩혈강호,0.2928932188134524,영화,무협
65309000,도신 지존천하,0.2928932188134524,영화,액션/어드벤쳐
65309000,천하제패 : 반란의 시대,0.2928932188134524,영화,액션/어드벤쳐
65309000,절색특공: 데드 스콜피온,0.2928932188134524,영화,액션/어드벤쳐
65328000,런닝맨 ,0.9999999925494193,TV 연예/오락,기타
65332000,러브 포 세일,0.2928932188134524,영화,드라마
65363000,유 퀴즈 온 더 블럭 ,0.8749999999999999,TV 연예/오락,기타
65370000,모범택시 2 ,0.9921875,TV드라마,기타
65386000,존 윅 3: 파라벨룸,0.5,영화,액션/어드벤쳐
65386000,영상앨범 산 ,0.3515625,TV 시사/교양,기타
65386000,심야괴담회 ,0.37499797695127146,TV 연예/오락,기타
65387000,돌싱글즈4 ,0.5,TV 연예/오락,기타
65398000,1박2일 시즌4 ,0.33072916666666663,TV 연예/오락,기타
65398000,인간극장 ,0.22222222105147638,TV 시사/교양,기타
65398000,나 혼자산다 ,0.11103438511488861,TV 연예/오락,기타
65398000,안싸우면 다행이야 ,0.49393398282201784,TV 연예/오락,기타
65412000,런닝맨 ,0.9999999925494193,TV 연예/오락,기타
65420000,야행,0.2928932188134524,영화,드라마
65420000,후궁 제왕의첩,0.2928932188134524,영화,멜로
65420000,상류사회,0.2928932188134524,영화,드라마
65437000,롤러코스터,0.2928932188134524,영화,코미디
65442000,전설의 라이타,0.2928932188134524,영화,액션/어드벤쳐
65442000,두근두근 내 인생,0.2928932188134524,영화,드라마
65442000,고령화가족,0.2928932188134524,영화,코미디
65442000,천하제패 : 반란의 시대,0.2928932188134524,영화,액션/어드벤쳐
65442000,스파이,0.2928932188134524,영화,액션/어드벤쳐
65442000,코리아,0.2928932188134524,영화,드라마
65442000,적인걸:심해용궁,0.2928932188134524,영화,액션/어드벤쳐
65442000,은교,0.2928932188134524,영화,멜로
65442000,뮬란,0.2928932188134524,영화,액션/어드벤쳐
65443000,미스터 로또 ,0.6832655850991545,TV 연예/오락,기타
65443000,화요일은 밤이 좋아 ,0.5866105083152883,TV 연예/오락,기타
65443000,쇼음악중심 ,0.6464466094067263,TV 연예/오락,기타
65443000,런닝맨 ,0.1730769217873995,TV 연예/오락,기타
65443000,뮤직뱅크 ,0.875,TV 연예/오락,기타
65443000,슈퍼맨이돌아왔다 ,0.16464466094067265,TV 연예/오락,기타
65443000,꼬리에꼬리를무는그날이야기 ,0.09803921362025253,TV 시사/교양,기타
65443000,SBS인기가요 ,0.531003236764356,TV 연예/오락,기타
65448000,육사오,0.2928932188134524,영화,코미디
65463000,연인 파트1 ,0.96875,TV드라마,기타
65514000,비공식작전,0.2928932188134524,영화,드라마
65514000,심야괴담회 ,0.3999978420813562,TV 연예/오락,기타
65514000,좋은놈 나쁜놈 이상한놈,0.2928932188134524,영화,액션/어드벤쳐
65514000,표적,0.2928932188134524,영화,액션/어드벤쳐
65526000,사일런싱,0.2928932188134524,영화,공포/스릴러
65526000,초신경호: 수퍼 보디가드,0.2928932188134524,영화,액션/어드벤쳐
65526000,심야괴담회 ,0.7999956841627124,TV 연예/오락,기타
65530000,멍뭉이,0.5,영화,드라마
65546000,전설의 검,0.2928932188134524,영화,액션/어드벤쳐
65546000,용쟁호투:전설의 시작,0.2928932188134524,영화,액션/어드벤쳐
65546000,해피엔드,0.2928932188134524,영화,멜로
65546000,절색특공: 데드 스콜피온,0.2928932188134524,영화,액션/어드벤쳐
65546000,특종병기 전랑,0.2928932188134524,영화,액션/어드벤쳐
65546000,웨이트: 감각에 눈 뜰때,0.2928932188134524,영화,멜로
65546000,삼국지:명장여포,0.2928932188134524,영화,드라마
65547000,낭만닥터 김사부3 ,0.9921875,TV드라마,기타
65557000,차시천하 ,0.9993094660339975,TV드라마,외화 시리즈
65557000,청설루 ,0.9999892104067812,TV드라마,외화 시리즈
65557000,진정령 ,0.9779029130879204,TV드라마,외화 시리즈
65557000,경쌍성 ,0.8232233047033631,TV드라마,외화 시리즈
65557000,미자무강 ,0.9517233009847594,TV드라마,외화 시리즈
65560000,아는 형님 ,0.75,TV 연예/오락,기타
65594000,연인 파트1 ,0.96875,TV드라마,기타
65624000,전국 노래 자랑 ,0.8750000000000001,TV 연예/오락,기타
65630000,트라우마 센터,0.2928932188134524,영화,공포/스릴러
65630000,리볼버,0.2928932188134524,영화,드라마
65673000,존 윅4,0.2928932188134524,영화,액션/어드벤쳐
65673000,범죄도시3,0.2928932188134524,영화,액션/어드벤쳐
65696000,대행사 ,0.7291666666666667,TV드라마,기타
65696000,동행 ,0.5,TV 시사/교양,기타
65696000,벌거벗은 한국사 ,0.10620064735287119,TV 연예/오락,기타
65696000,몽키킹: 투신의 부활,0.2928932188134524,영화,액션/어드벤쳐
65696000,가디언즈 오브 갤럭시 VOL.3,0.2928932188134524,영화,SF/환타지
65696000,천하제패 : 반란의 시대,0.2928932188134524,영화,액션/어드벤쳐
65696000,특종병기 전랑,0.2928932188134524,영화,액션/어드벤쳐
65696000,탈명검: 풍운재기,0.2928932188134524,영화,액션/어드벤쳐
65696000,적인걸:심해용궁,0.2928932188134524,영화,액션/어드벤쳐
65696000,과학수사대 스모킹 건 ,0.2855169902954278,TV 시사/교양,기타
65696000,궁금한이야기Y ,0.06629838188479867,TV 연예/오락,기타
65696000,NFS 국과수 ,0.6464466094067263,TV 시사/교양,기타
65718000,히트맨,0.2928932188134524,영화,코미디
65718000,기술자들,0.2928932188134524,영화,액션/어드벤쳐
65724000,라바 인 뉴욕 ,0.2928932188134524,키즈,오락
65724000,라바 시즌1 ,0.25,키즈,오락
65726000,심야괴담회 ,0.9999946052033906,TV 연예/오락,기타
65795000,초신경호: 수퍼 보디가드,0.2928932188134524,영화,액션/어드벤쳐
65795000,메가샤크,0.2928932188134524,영화,액션/어드벤쳐
65795000,브릭 맨션,0.2928932188134524,영화,액션/어드벤쳐
65819000,꼬리에꼬리를무는그날이야기 ,0.7999999831412605,TV 시사/교양,기타
65819000,존 윅4,0.2928932188134524,영화,액션/어드벤쳐
65830000,타요의 씽씽극장 시즌2 ,0.75,키즈,애니메이션
65838000,북 오브 러브,0.2928932188134524,영화,멜로
65838000,말없는 소녀,0.2928932188134524,영화,드라마
65838000,밀수,0.5,영화,액션/어드벤쳐
65861000,연인 파트1 ,0.96875,TV드라마,기타
65872000,먹놀잠 프로젝트,0.2928932188134524,키즈,기타
65872000,콩순이 율동교실 5기 ,0.32322330470336313,키즈,기타
65876000,러브 포 세일,0.2928932188134524,영화,드라마
65876000,해피엔드,0.2928932188134524,영화,멜로
65879000,무뢰한,0.2928932188134524,영화,멜로
65879000,TV동물농장 우린 같이 산다 ,0.2928932188134524,TV 시사/교양,기타
65879000,해피엔드,0.2928932188134524,영화,멜로
65879000,후궁 제왕의첩,0.2928932188134524,영화,멜로
65879000,표적,0.2928932188134524,영화,액션/어드벤쳐
65931000,정직한 후보 2,0.2928932188134524,영화,코미디
65931000,악마들,0.2928932188134524,영화,액션/어드벤쳐
65931000,로마: 저항군의 탄생,0.2928932188134524,영화,액션/어드벤쳐
65931000,영웅연대,0.2928932188134524,영화,무협
65931000,웅남이,0.2928932188134524,영화,코미디
65931000,블랙 아담,0.2928932188134524,영화,액션/어드벤쳐
65931000,팔만금위대,0.2928932188134524,영화,액션/어드벤쳐
65931000,범죄도시3,0.2928932188134524,영화,액션/어드벤쳐
65931000,드림,0.2928932188134524,영화,코미디
65931000,피의성배,0.2928932188134524,영화,액션/어드벤쳐
65931000,킬링 로맨스,0.2928932188134524,영화,코미디
65934000,라이온킹,0.2928932188134524,영화,애니메이션
65941000,실화탐사대 ,0.3186019420586136,TV 시사/교양,기타
65941000,과학수사대 스모킹 건 ,0.10519047010884185,TV 시사/교양,기타
65941000,인간극장 ,0.5789473653709518,TV 시사/교양,기타
65941000,그것이알고싶다 ,0.15778570516326276,TV 시사/교양,기타
65954000,비밀의 여자 ,0.1302302360502402,TV드라마,기타
65954000,효심이네 각자도생 ,0.1875,TV드라마,기타
65954000,소방서 옆 경찰서 그리고 국과수 ,0.57421875,TV드라마,기타
65954000,진짜가 나타났다! ,0.29970703125,TV드라마,기타
65954000,하늘의 인연 ,0.8157879176892732,TV드라마,기타
65954000,고딩엄빠 4 ,0.8232233047033631,TV 연예/오락,기타
65954000,인간극장 ,0.07272727234411955,TV 시사/교양,기타
65954000,귀염뽕짝 원정대 ,0.49393398282201784,TV 연예/오락,기타
65954000,고딩엄빠 3 ,0.8203125,TV 연예/오락,기타
65954000,속풀이쇼 동치미 ,0.028571274434382586,TV 연예/오락,기타
65954000,오은영 리포트 결혼 지옥 ,0.3477059940928691,TV 시사/교양,기타
65954000,우아한 제국 ,0.4640886731935907,TV드라마,기타
65999000,육사오,0.2928932188134524,영화,코미디
65999000,어우동,0.5,영화,드라마
65999000,쾌걸 흑두건,0.2928932188134524,영화,드라마
65999000,모모와다락방의수상한요괴들,0.2928932188134524,영화,애니메이션
65999000,어우동,0.5,영화,멜로
66005000,인어공주,0.2928932188134524,영화,SF/환타지
66040000,베이비버스 마법숫자동화 ,0.25,키즈,기타
66040000,에그박사 2 ,0.25,키즈,기타
66040000,애플비 랄랄라 한글동요 ,0.5,키즈,기타
66041000,은교,0.2928932188134524,영화,멜로
66041000,존 윅 3: 파라벨룸,0.5,영화,액션/어드벤쳐
66041000,황산벌,0.2928932188134524,영화,코미디
66041000,탈명검: 풍운재기,0.2928932188134524,영화,액션/어드벤쳐
66041000,표적,0.2928932188134524,영화,액션/어드벤쳐
66065000,귀염뽕짝 원정대 ,0.8232233047033632,TV 연예/오락,기타
66102000,런닝맨 ,0.9999999925494193,TV 연예/오락,기타
66110000,속풀이쇼 동치미 ,0.911759787097209,TV 연예/오락,기타
66110000,박원숙의 같이 삽시다 시즌3 ,0.26670079447852374,TV 연예/오락,기타
66113000,엘리멘탈,0.2928932188134524,영화,애니메이션
66118000,리볼버,0.2928932188134524,영화,드라마
66118000,탈명검: 풍운재기,0.2928932188134524,영화,액션/어드벤쳐
66118000,러브 포 세일,0.2928932188134524,영화,드라마
66159000,부산,0.2928932188134524,영화,액션/어드벤쳐
66159000,시간이탈자,0.2928932188134524,영화,공포/스릴러
66159000,링2,0.2928932188134524,영화,공포/스릴러
66159000,존 윅 3: 파라벨룸,0.5,영화,액션/어드벤쳐
66159000,런닝맨 ,0.6666666616996129,TV 연예/오락,기타
66163000,오은영 리포트 결혼 지옥 ,0.9996547330169988,TV 시사/교양,기타
66170000,청년경찰,0.2928932188134524,영화,액션/어드벤쳐
66170000,메가샤크,0.2928932188134524,영화,액션/어드벤쳐
66170000,장군의아들,0.2928932188134524,영화,드라마
66170000,말죽거리잔혹사,0.2928932188134524,영화,액션/어드벤쳐
66170000,뭉쳐야 찬다 2 ,0.29166666666666663,TV 연예/오락,기타
66170000,상류사회,0.2928932188134524,영화,드라마
66170000,웨이트: 감각에 눈 뜰때,0.2928932188134524,영화,멜로
66170000,초대: 스와핑 데이,0.2928932188134524,영화,멜로
66170000,러브 이세벨,0.2928932188134524,영화,멜로
66170000,쥬라기 썬더,0.2928932188134524,영화,액션/어드벤쳐
66176000,극적인하룻밤,0.2928932188134524,영화,멜로
66186000,건축탐구 집 ,0.75,다큐,역사
66189000,심야괴담회 ,0.2857127443438259,TV 연예/오락,기타
66189000,연인 파트1 ,0.775,TV드라마,기타
66189000,짱구는 못말려: 수수께끼! 꽃피는,0.2928932188134524,영화,애니메이션
66189000,동갑내기과외하기2,0.2928932188134524,영화,코미디
66224000,밤에 나오는 동물들 외,0.2928932188134524,키즈,애니메이션
66224000,요란한 가족 외,0.2928932188134524,키즈,애니메이션
66224000,강 건너기 외,0.2928932188134524,키즈,애니메이션
66224000,감자아저씨의 크리스마스 공연 외,0.2928932188134524,키즈,애니메이션
66224000,내가 만든 향수 외,0.2928932188134524,키즈,애니메이션
66224000,수족관에 간 골디 외,0.2928932188134524,키즈,애니메이션
66224000,최고의 애완동물 외,0.2928932188134524,키즈,애니메이션
66233000,범죄도시3,0.2928932188134524,영화,액션/어드벤쳐
66273000,나는 몸신이다 ,0.6464466094067263,TV 시사/교양,인물/다큐
66273000,생로병사의 비밀 ,0.75,TV 연예/오락,기타
66283000,엘리멘탈,0.2928932188134524,영화,애니메이션
66283000,연인 파트1 ,0.484375,TV드라마,기타
66286000,마크맨,0.2928932188134524,영화,액션/어드벤쳐
66286000,초대: 스와핑 데이,0.2928932188134524,영화,멜로
66295000,도로시게임 델타룬 ,0.2928932188134524,TV애니메이션,기타
66295000,급식게임즈 시즌1 ,0.2928932188134524,TV애니메이션,기타
66295000,런민기TV 시즌4 카러플 ,0.2928932188134524,TV애니메이션,기타
66295000,도로시게임 플래시2 ,0.2928932188134524,TV애니메이션,기타
66295000,럭키루시TV 로블록스월드 9 ,0.2928932188134524,TV애니메이션,기타
66295000,경이로운 소문   경이로운 몰아보기,0.2928932188134524,TV드라마,외화 시리즈
66295000,말량n홍챠TV 시즌2 ,0.2928932188134524,TV애니메이션,기타
66295000,백앤아 Part2 ,0.21548220313557542,TV애니메이션,기타
66295000,백앤아 Part3 ,0.2928932188134524,TV애니메이션,기타
66295000,돼지저금통 ,0.2928932188134524,TV애니메이션,기타
66295000,코봉월드TV 웃긴상황극 ,0.2928932188134524,TV애니메이션,기타
66295000,아려랑TV 로블록스 월드 3 ,0.2928932188134524,TV애니메이션,기타
66295000,슈뻘맨TV ,0.2928932188134524,TV애니메이션,기타
66295000,바보엉아 게임세상 ,0.2928932188134524,TV애니메이션,명랑/코믹
66295000,로빈TV 미니게임 PART6 ,0.2928932188134524,TV애니메이션,명랑/코믹
66295000,로빈TV 미니게임 PART2 ,0.2928932188134524,TV애니메이션,기타
66295000,로빈TV 미니게임 PART1 ,0.2928932188134524,TV애니메이션,기타
66295000,런민기TV 시즌2 ,0.2928932188134524,TV애니메이션,기타
66295000,런민기TV ,0.2928932188134524,TV애니메이션,기타
66295000,로빈TV 변신 몬스터 ,0.2928932188134524,TV애니메이션,명랑/코믹
66303000,짱구는못말려 11기 ,0.96875,TV애니메이션,명랑/코믹
66303000,짱구는못말려 10기 ,0.9889514565439602,TV애니메이션,명랑/코믹
66303000,짱구는못말려 15기 ,0.9889514565439602,TV애니메이션,명랑/코믹
66303000,짱구는 못말려 22기 ,0.984375,TV애니메이션,명랑/코믹
66307000,식객 허영만의 백반기행 ,0.9779029130879204,TV 시사/교양,인물/다큐
66309000,궁금한이야기Y ,0.1243094660339975,TV 연예/오락,기타
66309000,미스,0.2928932188134524,영화,코미디
66309000,꼬리에꼬리를무는그날이야기 ,0.24999999473164392,TV 시사/교양,기타
66309000,친구,0.2928932188134524,영화,드라마
66309000,하바나 다크니스,0.2928932188134524,영화,공포/스릴러
66309000,심야괴담회 ,0.24999865130084764,TV 연예/오락,기타
66311000,짱구는 못말려 22기 ,0.984375,TV애니메이션,명랑/코믹
66317000,이파라파냐무냐무,0.2928932188134524,키즈,학습
66317000,호랑이 뱃속 잔치,0.2928932188134524,키즈,학습
66317000,핑크퐁 한글동요 3 첫단어송 ,0.5,키즈,기타
66317000,장수탕 선녀님,0.2928932188134524,키즈,학습
66317000,한글탐정둘리 ,0.2928932188134524,키즈,학습
66317000,수박 수영장,0.2928932188134524,키즈,학습
66317000,꽃에서 나온 코끼리,0.2928932188134524,키즈,학습
66317000,꽁꽁꽁,0.2928932188134524,키즈,학습
66317000,행복한 왕자,0.2928932188134524,키즈,기타
66317000,알사탕,0.2928932188134524,키즈,학습
66321000,스위치,0.2928932188134524,영화,코미디
66337000,후궁 제왕의첩,0.2928932188134524,영화,멜로
66348000,존 윅4,0.2928932188134524,영화,액션/어드벤쳐
66353000,영상앨범 산 ,0.703125,TV 시사/교양,기타
66353000,가요무대 ,0.24609375,TV 연예/오락,기타
66354000,육사오,0.2928932188134524,영화,코미디
66363000,스토브리그 ,0.4495233893381638,TV드라마,기타
66363000,보고 또 보고 ,0.43096440627115085,TV드라마,기타
66363000,장영실 ,0.2928932188134524,TV드라마,기타
66363000,사임당 빛의 일기 ,0.6464466094067263,TV드라마,기타
66387000,킬링 로맨스,0.2928932188134524,영화,코미디
66402000,런닝맨 ,0.9999999925494193,TV 연예/오락,기타
66420000,달의 요정 세일러 문 Super S ,0.2928932188134524,TV애니메이션,학원/순정/연애
66424000,나 혼자산다 ,0.9993094660339975,TV 연예/오락,기타
66440000,심야괴담회 ,0.9999946052033906,TV 연예/오락,기타
66444000,아씨두리안 ,0.5833333333333333,TV드라마,기타
66444000,엘리멘탈,0.2928932188134524,영화,애니메이션
66449000,출동! 슈퍼윙스5 ,0.2928932188134524,키즈,애니메이션
66449000,나 혼자산다 ,0.6662063106893317,TV 연예/오락,기타
66449000,출동! 슈퍼윙스6 ,0.2928932188134524,키즈,애니메이션
66449000,출동! 슈퍼윙스3 ,0.2928932188134524,키즈,애니메이션
66463000,런닝맨 ,0.9999999925494193,TV 연예/오락,기타
66466000,존 윅4,0.2928932188134524,영화,액션/어드벤쳐
66476000,해운대,0.2928932188134524,영화,액션/어드벤쳐
66480000,브릭 맨션,0.2928932188134524,영화,액션/어드벤쳐
66480000,마크맨,0.2928932188134524,영화,액션/어드벤쳐
66480000,러브 포 세일,0.2928932188134524,영화,드라마
66517000,기적의 형제 ,0.9375,TV드라마,기타
66519000,존 윅 3: 파라벨룸,0.5,영화,액션/어드벤쳐
66526000,잠자는 숲속의 공주,0.2928932188134524,키즈,기타
66529000,퇴마 무녀굴,0.2928932188134524,영화,공포/스릴러
66530000,웨이트: 감각에 눈 뜰때,0.2928932188134524,영화,멜로
66545000,범죄도시3,0.2928932188134524,영화,액션/어드벤쳐
66576000,공수도,0.2928932188134524,영화,액션/어드벤쳐
66576000,보안관,0.2928932188134524,영화,드라마
66576000,신발 벗고 돌싱포맨 ,0.3229166666666667,TV 연예/오락,기타
66583000,초대: 스와핑 데이,0.2928932188134524,영화,멜로
66597000,범죄도시3,0.2928932188134524,영화,액션/어드벤쳐
66617000,밀수,0.5,영화,액션/어드벤쳐
66619000,헬로카봇 시즌10 뱅 ,0.25,키즈,애니메이션
66619000,헬로카봇 시즌9 ,0.25,키즈,애니메이션
66620000,런닝맨 ,0.9999999925494193,TV 연예/오락,기타
66637000,미운우리새끼 ,0.6662063106893317,TV 연예/오락,기타
66637000,26년,0.2928932188134524,영화,액션/어드벤쳐
66656000,흔한남매 ,0.2928932188134524,TV애니메이션,기타
66656000,낭만닥터 김사부 번외편,0.2928932188134524,TV드라마,기타
66656000,모범택시 2 ,0.14174107142857142,TV드라마,기타
66656000,신도라에몽 21기 ,0.2928932188134524,TV애니메이션,명랑/코믹
66656000,꾹TV 시즌4 ,0.2928932188134524,TV애니메이션,명랑/코믹
66656000,터널,0.2928932188134524,영화,드라마
66656000,소방서 옆 경찰서 그리고 국과수 ,0.73828125,TV드라마,기타
66656000,경이로운 소문   경이로운 몰아보기,0.2928932188134524,TV드라마,외화 시리즈
66656000,꾹TV 시즌3 ,0.2928932188134524,TV애니메이션,명랑/코믹
66656000,짱구는 못말려 22기 ,0.08203125,TV애니메이션,명랑/코믹
66656000,천원짜리 변호사 ,0.328125,TV드라마,기타
66656000,"원픽은, 흔한남매 ",0.2928932188134524,TV애니메이션,명랑/코믹
66656000,슈뻘맨TV ,0.2928932188134524,TV애니메이션,기타
66656000,낭만닥터 김사부 ,0.6464466094067263,TV드라마,기타
66656000,흔한남매와 안 흔한 친구들 2 ,0.2928932188134524,TV애니메이션,기타
66656000,빨간토마토 극장 시즌1 ,0.2928932188134524,TV애니메이션,기타
66656000,흔한남매와 안 흔한 친구들 ,0.2928932188134524,TV애니메이션,기타
66656000,낭만닥터 김사부2 ,0.75,TV드라마,기타
66656000,신도라에몽 20기 ,0.2928932188134524,TV애니메이션,명랑/코믹
66656000,"원픽은, 흔한남매2 ",0.2928932188134524,TV애니메이션,명랑/코믹
66656000,신도라에몽 14기 ,0.2928932188134524,TV애니메이션,명랑/코믹
66656000,신도라에몽 15기 ,0.2928932188134524,TV애니메이션,명랑/코믹
66656000,뿌리깊은나무 ,0.984375,TV드라마,기타
66656000,흔한남매의 안흔한일기 3 ,0.2928932188134524,TV애니메이션,기타
66656000,낭만닥터 김사부3 ,0.14174107142857142,TV드라마,기타
66656000,신도라에몽1기 ,0.2928932188134524,TV애니메이션,명랑/코믹
66656000,신도라에몽 스페셜 2기 ,0.2928932188134524,TV애니메이션,명랑/코믹
66660000,짱구는 못말려: 동물소환 닌자,0.5,영화,애니메이션
66667000,범죄도시3,0.2928932188134524,영화,액션/어드벤쳐
66676000,엄지 아가씨,0.2928932188134524,키즈,기타
66676000,장화 신은 고양이,0.2928932188134524,키즈,기타
66705000,쿠툴룬: 전쟁의 여신,0.2928932188134524,영화,액션/어드벤쳐
66705000,스페셜포스: 비상계엄,0.2928932188134524,영화,액션/어드벤쳐
66705000,천룡팔부: 상아전,0.2928932188134524,영화,액션/어드벤쳐
66705000,귀공자,0.2928932188134524,영화,액션/어드벤쳐
66705000,일본패망하루전,0.2928932188134524,영화,드라마
66705000,킹 오브 몬스터,0.2928932188134524,영화,액션/어드벤쳐
66705000,택천기 ,0.8089648058370457,TV드라마,외화 시리즈
66705000,황비홍 vs 소걸아,0.2928932188134524,영화,액션/어드벤쳐
66705000,포청천 포공기안 ,0.99951171875,TV드라마,외화 시리즈
66705000,황실수사대,0.2928932188134524,영화,무협
66705000,피의 저격수,0.2928932188134524,영화,드라마
66705000,형사 Duelist,0.2928932188134524,영화,액션/어드벤쳐
66705000,범죄도시3,0.2928932188134524,영화,액션/어드벤쳐
66705000,공룡대전쟁,0.2928932188134524,영화,액션/어드벤쳐
66705000,신용문객잔2 : 대막강호,0.2928932188134524,영화,액션/어드벤쳐
66705000,대막신룡: 천 년의 신화,0.2928932188134524,영화,액션/어드벤쳐
66705000,신천녀유혼2:원령대전,0.2928932188134524,영화,SF/환타지
66705000,신천녀유혼: 인과연,0.2928932188134524,영화,SF/환타지
66705000,어요지: 물속의괴물,0.2928932188134524,영화,무협
66705000,소년강호 ,0.3292893218813453,TV드라마,외화 시리즈
66705000,첩혈강호,0.2928932188134524,영화,무협
66705000,쥬라기 워,0.5,영화,액션/어드벤쳐
66705000,봉신방,0.2928932188134524,영화,액션/어드벤쳐
66705000,에어리언 몬스터,0.2928932188134524,영화,공포/스릴러
66705000,일급 살수,0.2928932188134524,영화,액션/어드벤쳐
66705000,명장,0.5,영화,액션/어드벤쳐
66705000,반지제왕:유령무사,0.2928932188134524,영화,액션/어드벤쳐
66705000,정복자 윌리엄,0.2928932188134524,영화,액션/어드벤쳐
66705000,메가로돈: 라이징어택,0.2928932188134524,영화,액션/어드벤쳐
66705000,천기검,0.2928932188134524,영화,무협
66705000,로스트리전 로마군단의 반란,0.2928932188134524,영화,액션/어드벤쳐
66705000,적인걸: 태자 납치사건,0.2928932188134524,영화,드라마
66705000,오공,0.2928932188134524,영화,액션/어드벤쳐
66705000,봉신연의,0.2928932188134524,영화,액션/어드벤쳐
66705000,구소한야난   너의 온도 ,0.028571274434382586,TV드라마,외화 시리즈
66705000,울프 앤 라이언: 위대한 우정,0.2928932188134524,영화,액션/어드벤쳐
66705000,독고천하 ,0.25,TV드라마,외화 시리즈
66705000,재전강호,0.2928932188134524,영화,액션/어드벤쳐
66705000,연희공략: 건륭황제의여인 ,0.9999999996707277,TV드라마,외화 시리즈
66705000,용문비검,0.2928932188134524,영화,액션/어드벤쳐
66705000,용주전기 무간도 ,0.951218870740647,TV드라마,외화 시리즈
66743000,리볼버,0.2928932188134524,영화,드라마
66744000,꼬리에꼬리를무는그날이야기 ,0.3333333263088586,TV 시사/교양,기타
66744000,인간극장 ,0.33333333157721456,TV 시사/교양,기타
66744000,후궁 제왕의첩,0.2928932188134524,영화,멜로
66744000,그것이알고싶다 ,0.16655157767233292,TV 시사/교양,기타
66792000,심야괴담회 ,0.9999946052033906,TV 연예/오락,기타
66809000,현장법사 서유기의 시작,0.2928932188134524,영화,액션/어드벤쳐
66809000,2067,0.2928932188134524,영화,SF/환타지
66809000,허트로커,0.2928932188134524,영화,액션/어드벤쳐
66809000,드론 미래전쟁,0.2928932188134524,영화,액션/어드벤쳐
66809000,무신 : 용의 귀환,0.2928932188134524,영화,액션/어드벤쳐
66809000,스텝업 브레이킹쓰루,0.2928932188134524,영화,드라마
66809000,여곡성,0.2928932188134524,영화,공포/스릴러
66809000,탈명검: 풍운재기,0.2928932188134524,영화,액션/어드벤쳐
66809000,웨이트: 감각에 눈 뜰때,0.2928932188134524,영화,멜로
66809000,존 윅 3: 파라벨룸,0.5,영화,액션/어드벤쳐
66809000,존 윅4,0.2928932188134524,영화,액션/어드벤쳐
66809000,러브 포 세일,0.2928932188134524,영화,드라마
66809000,사일런싱,0.2928932188134524,영화,공포/스릴러
66809000,애쉬 래드 2: 황금성을 찾아서,0.2928932188134524,영화,SF/환타지
66809000,메가 크로커다일,0.2928932188134524,영화,액션/어드벤쳐
66809000,특종병기 전랑,0.2928932188134524,영화,액션/어드벤쳐
66819000,멋쟁이 뭉치,0.2928932188134524,키즈,기타
66819000,모두 모두 잘자요,0.2928932188134524,키즈,기타
66819000,"앗, 적이 나타났어!",0.2928932188134524,키즈,기타
66819000,열려라 거울 나라,0.2928932188134524,키즈,기타
66819000,엄마 손난로,0.2928932188134524,키즈,기타
66819000,몬스터 버릇 학교로 오세요,0.2928932188134524,키즈,기타
66819000,오! 감각은 신기해,0.2928932188134524,키즈,기타
66819000,밥 먹자,0.2928932188134524,키즈,기타
66819000,베이비버스 인기동요 시즌4 ,0.375,키즈,기타
66819000,야호의 동물 친구는 누구일까?,0.2928932188134524,키즈,기타
66819000,오늘은 무슨 달?,0.2928932188134524,키즈,기타
66819000,우리는 해님반,0.5,키즈,기타
66819000,엄마는 내 마음도 몰라요,0.2928932188134524,키즈,기타
66819000,빠이빠이 우리집,0.2928932188134524,키즈,기타
66819000,안녕? 우리 몸,0.2928932188134524,키즈,기타
66819000,구둣방 할아버지와 꼬마 요정,0.2928932188134524,키즈,기타
66819000,라푼젤,0.2928932188134524,키즈,기타
66819000,백설 공주,0.2928932188134524,키즈,기타
66819000,신데렐라,0.2928932188134524,키즈,기타
66819000,아기 돼지 삼 형제,0.2928932188134524,키즈,기타
66819000,엄지 아가씨,0.2928932188134524,키즈,기타
66819000,우락부락 염소 삼 형제,0.2928932188134524,키즈,기타
66819000,뽀로로를 뚫고 나온 영어 ,0.2928932188134524,키즈,기타
66819000,우리 집에는 사자가 있어,0.5,키즈,기타
66819000,잠자는 숲속의 공주,0.2928932188134524,키즈,기타
66819000,손 잡고 한 바퀴,0.2928932188134524,키즈,기타
66819000,"쇼펭, 같이 놀자",0.2928932188134524,키즈,기타
66819000,장화 신은 고양이,0.2928932188134524,키즈,기타
66819000,잭과 콩나무,0.2928932188134524,키즈,기타
66819000,수리수리 구리구리 팡팡!,0.2928932188134524,키즈,기타
66819000,삐리리리 나는 로봇,0.2928932188134524,키즈,기타
66819000,잎은 참 좋아,0.2928932188134524,키즈,기타
66819000,그림자랑 놀아요,0.2928932188134524,키즈,기타
66819000,늑대와 일곱 마리 아기 염소,0.2928932188134524,키즈,기타
66819000,Who stole the Cookies from the Cookie Jar?,0.2928932188134524,키즈,학습
66819000,걱정이 팡!팡!팡!,0.2928932188134524,키즈,기타
66819000,꽃비 내린 날,0.5,키즈,기타
66819000,나는 공룡이 될 거야,0.2928932188134524,키즈,기타
66819000,"나는, 나는 삐야",0.2928932188134524,키즈,기타
66819000,나혼자 잘거야,0.2928932188134524,키즈,기타
66819000,내거야!,0.2928932188134524,키즈,기타
66819000,다람이의 첫 겨울,0.2928932188134524,키즈,기타
66819000,힘이 사라진다면?,0.2928932188134524,키즈,기타
66819000,호그의 땅속 탐험,0.2928932188134524,키즈,기타
66819000,행복한 왕자,0.2928932188134524,키즈,기타
66819000,다르면 좀 어때?,0.2928932188134524,키즈,기타
66819000,먼지 괴물이 찾아왔어요,0.2928932188134524,키즈,기타
66819000,룰루룰루,0.2928932188134524,키즈,기타
66819000,할아버지의 사과 나무,0.2928932188134524,키즈,기타
66819000,한밤중에 눈사람들은 무얼 할까요?,0.5,키즈,기타
66819000,재활용 음악회에 오세요,0.2928932188134524,키즈,기타
66819000,조금씩 천천히,0.2928932188134524,키즈,기타
66819000,좋아하면 다 예뻐!,0.2928932188134524,키즈,기타
66819000,지구와 함께 빙글빙글,0.2928932188134524,키즈,기타
66819000,코리와 마음 친구들,0.2928932188134524,키즈,기타
66819000,키키의 산책,0.2928932188134524,키즈,기타
66819000,콩은 변신쟁이,0.2928932188134524,키즈,기타
66819000,풍선을 타고 씽씽,0.2928932188134524,키즈,기타
66819000,하나도 안무서운 뚝딱이 아저씨,0.2928932188134524,키즈,기타
66819000,털보 선생님의 발명학교,0.2928932188134524,키즈,기타
66819000,기운 센 말,0.5,키즈,기타
66821000,분노의 질주: 라이드 오어 다이,0.2928932188134524,영화,액션/어드벤쳐
66828000,마크맨,0.2928932188134524,영화,액션/어드벤쳐
66838000,보호자,0.2928932188134524,영화,액션/어드벤쳐
66838000,비공식작전,0.2928932188134524,영화,드라마
66838000,아수라장: 범털들의 전쟁,0.2928932188134524,영화,액션/어드벤쳐
66840000,UHD로 만나는 TV 문학관 ,0.2928932188134524,TV 시사/교양,기타
66840000,심야괴담회 ,0.4999973026016953,TV 연예/오락,기타
66845000,엘리멘탈,0.2928932188134524,영화,애니메이션
66864000,꼬리에꼬리를무는그날이야기 ,0.9999999789265757,TV 시사/교양,기타
66873000,연인 파트1 ,0.678125,TV드라마,기타
66873000,미운우리새끼 ,0.2855169902954278,TV 연예/오락,기타
66873000,골 때리는 그녀들 ,0.22178819444444442,TV 연예/오락,기타
66873000,손대면 핫플 동네멋집 ,0.2604604721004804,TV 연예/오락,기타
66873000,청춘의국 ,0.2928932188134524,TV 연예/오락,기타
66873000,TV쇼 진품명품 ,0.2928932188134524,TV 시사/교양,기타
66873000,인간극장 ,0.036363636172059774,TV 시사/교양,기타
66873000,최강야구 ,0.6372038841172272,TV 연예/오락,기타
66873000,개는 훌륭하다 ,0.03845684344951923,TV 연예/오락,기타
66873000,마크맨,0.2928932188134524,영화,액션/어드벤쳐
66873000,보호자,0.2928932188134524,영화,액션/어드벤쳐
66873000,국민사형투표 ,0.9116116523516815,TV드라마,기타
66873000,나 혼자산다 ,0.047586165049237975,TV 연예/오락,기타
66873000,신발 벗고 돌싱포맨 ,0.678125,TV 연예/오락,기타
66873000,소방서 옆 경찰서 그리고 국과수 ,0.984375,TV드라마,기타
66873000,복면가왕 ,0.1778005296523492,TV 연예/오락,기타
66873000,무장해제 ,0.25,TV 연예/오락,기타
66873000,놀면 뭐하니? ,0.13259676376959734,TV 연예/오락,기타
66873000,꼬리에꼬리를무는그날이야기 ,0.13725489906835356,TV 시사/교양,기타
66873000,전지적 참견 시점 ,0.03999309466033998,TV 연예/오락,기타
66873000,그것이알고싶다 ,0.42827548544314176,TV 시사/교양,기타
66874000,낭만닥터 김사부3 ,0.9921875,TV드라마,기타
66875000,금이야 옥이야 ,0.33734939759025295,TV드라마,기타
66875000,가가니별포 : 네가 어디 있든 ,0.375,TV드라마,외화 시리즈
66875000,목계영괘수 ,0.2928932188134524,TV드라마,외화 시리즈
66875000,교약운간월 ,0.6464466094067263,TV드라마,외화 시리즈
66875000,군구령 ,0.846050555889423,TV드라마,외화 시리즈
66875000,호심 ,0.7428531352939473,TV드라마,외화 시리즈
66875000,벽혈검 1985 ,0.6585786437626906,TV드라마,외화 시리즈
66875000,아적반파남우 ,0.5,TV드라마,외화 시리즈
66875000,아적자위여해1 : 나의 고슴도치 그녀1 ,0.91644287109375,TV드라마,외화 시리즈
66875000,아적자위여해2 : 나의 고슴도치 그녀2 ,0.8203125,TV드라마,외화 시리즈
66875000,양릉전 ,0.6511511802512011,TV드라마,외화 시리즈
66875000,"어쩌다 마주친, 그대 ",0.5,TV드라마,기타
66875000,연성결 ,0.5,TV드라마,외화 시리즈
66875000,원표의 영춘권 ,0.25,TV드라마,외화 시리즈
66875000,가슴이 뛴다 ,0.8001023834355713,TV드라마,기타
66875000,위니역광이래 : 어둠을 밝혀줘 ,0.2928932188134524,TV드라마,외화 시리즈
66875000,하늘의 인연 ,0.05263147856059827,TV드라마,기타
66875000,이과생추입정망 ,0.2928932188134524,TV드라마,외화 시리즈
66875000,기적의 형제 ,0.3515625,TV드라마,기타
66875000,일불소심묘상니 : 넌 내게 반했냥 ,0.8368050786141201,TV드라마,외화 시리즈
66875000,재하리우 ,0.9642268589564732,TV드라마,외화 시리즈
66875000,절대쌍교 : 소어아와 화무결 ,0.5,TV드라마,외화 시리즈
66875000,절배수심당 : 사랑의 맛 ,0.998046875,TV드라마,외화 시리즈
66875000,주선청운지 ,0.3515625,TV드라마,외화 시리즈
66875000,천룡팔부 2021  ,0.2928932188134524,TV드라마,외화 시리즈
66875000,청락 ,0.42480258941148474,TV드라마,외화 시리즈
66875000,초요 ,0.3292893218813453,TV드라마,외화 시리즈
66875000,투심화사 ,0.2928932188134524,TV드라마,외화 시리즈
66875000,하선생적연연불망 ,0.21548220313557542,TV드라마,외화 시리즈
66875000,악귀 ,0.1875,TV드라마,기타
66875000,하화 ,0.5,TV드라마,외화 시리즈
66875000,러브 포 세일,0.2928932188134524,영화,드라마
66875000,시광여타흡시정호 ,0.2928932188134524,TV드라마,외화 시리즈
66875000,설산비호 ,0.484375,TV드라마,외화 시리즈
66875000,선협 로맨스: 옥소령  ,0.6585786437626906,TV드라마,외화 시리즈
66875000,병리호 ,0.2928932188134524,TV드라마,외화 시리즈
66875000,복류년 ,0.43096440627115085,TV드라마,외화 시리즈
66875000,봉귀사시가  ,0.375,TV드라마,외화 시리즈
66875000,해피엔드,0.2928932188134524,영화,멜로
66875000,니급아적희환 ,0.7292822007327853,TV드라마,외화 시리즈
66875000,무림유협기 ,0.6360529119318181,TV드라마,외화 시리즈
66875000,"부군청자중 : 부군님, 자중하시어요 ",0.9116116523516815,TV드라마,외화 시리즈
66875000,삼생연기시청환 ,0.234375,TV드라마,외화 시리즈
66875000,소세가인담담장 ,0.1171875,TV드라마,외화 시리즈
66875000,부도연 ,0.25,TV드라마,외화 시리즈
66875000,부요황후 ,0.25,TV드라마,외화 시리즈
66875000,진짜가 나타났다! ,0.449560546875,TV드라마,기타
66875000,경경아심 : 두근두근 내 마음을 들어봐 ,0.7883833674221014,TV드라마,외화 시리즈
66875000,구소한야난   너의 온도 ,0.7142818608595647,TV드라마,외화 시리즈
66875000,그 낭자의 수상한 뷰티 게임 ,0.25,TV드라마,외화 시리즈
66875000,금의지하 ,0.16464466094067265,TV드라마,외화 시리즈
66875000,아취시저반여자: 그런 여자 또 없습니다 ,0.14583333333333331,TV드라마,외화 시리즈
66875000,위험량인: 남장여자 로맨스 ,0.2928932188134524,TV드라마,외화 시리즈
66875000,귀로 : 너에게 돌아가는 길 ,0.43096440627115085,TV드라마,외화 시리즈
66875000,독고천하 ,0.25,TV드라마,외화 시리즈
66875000,비도우견비도 ,0.2928932188134524,TV드라마,외화 시리즈
66875000,빙당일하 : 한여름의 아이스캔디처럼 ,0.75,TV드라마,외화 시리즈
66875000,삼남매가 용감하게 ,0.2928932188134524,TV드라마,기타
66875000,서검정협 류삼변 ,0.2928932188134524,TV드라마,외화 시리즈
66875000,서브미션 ,0.5625,TV드라마,외화 시리즈
66875000,밀레니얼스 ,0.2928932188134524,TV드라마,외화 시리즈
66875000,내 눈에 콩깍지 ,0.73828125,TV드라마,기타
66885000,전설의 라이타,0.2928932188134524,영화,액션/어드벤쳐
66885000,극한직업 ,0.3292893218813453,다큐,인물
66885000,인간극장 ,0.8888888842059057,TV 시사/교양,기타
66889000,라바 키즈동요 Part2 ,0.6464466094067263,키즈,기타
66890000,은밀한 비밀,0.2928932188134524,영화,로맨틱코미디
66890000,낯선 사랑,0.2928932188134524,영화,코미디
66900000,그것이알고싶다 ,0.047586165049237975,TV 시사/교양,기타
66900000,함께 놀자 뽀로로 ,0.25,키즈,기타
66900000,핑크퐁 이솝이야기 ,0.2928932188134524,키즈,기타
66900000,핑크퐁 뮤지컬 공룡동화 ,0.21548220313557542,키즈,기타
66900000,월간 아기상어 ,0.2928932188134524,키즈,학습
66900000,뽀롱뽀롱 뽀로로 시즌4 ,0.25,키즈,애니메이션
66900000,뽀롱뽀롱 뽀로로 NEW 1 ,0.25,키즈,애니메이션
66900000,뽀로로 지구탐험동화 ,0.25,키즈,기타
66900000,궁금한이야기Y ,0.06629838188479867,TV 연예/오락,기타
66900000,뽀로로 인기 동요 ,0.9993094660339975,키즈,기타
66937000,범죄도시3,0.2928932188134524,영화,액션/어드벤쳐
66941000,심야괴담회 ,0.9999946052033906,TV 연예/오락,기타
66945000,육사오,0.2928932188134524,영화,코미디
66985000,잠자는 숲속의 공주,0.2928932188134524,키즈,기타
67000000,깨비키즈 백투더공룡 ,0.21548220313557542,키즈,기타
67000000,뱀파이어소녀 달자 ,0.2928932188134524,TV애니메이션,명랑/코믹
67000000,깨비키즈 공룡송 ,0.25,키즈,기타
67000000,슈퍼 빼꼼 스파이 대작전,0.2928932188134524,영화,애니메이션
67008000,엘리멘탈,0.2928932188134524,영화,애니메이션
67008000,"미안해, 크롱!",0.2928932188134524,키즈,애니메이션
67008000,중세의 성 외,0.2928932188134524,키즈,애니메이션
67008000,빨간 모자,0.2928932188134524,키즈,기타
67008000,플래시,0.2928932188134524,영화,액션/어드벤쳐
67024000,어린 의뢰인,0.2928932188134524,영화,드라마
67055000,도망쳐 ,0.2928932188134524,TV 시사/교양,기타
67055000,TV소설 은희 ,0.9523809520673597,TV드라마,기타
67055000,그것이알고싶다 ,0.09517233009847595,TV 시사/교양,기타
67055000,범죄도시3,0.2928932188134524,영화,액션/어드벤쳐
67055000,신발 벗고 돌싱포맨 ,0.096875,TV 연예/오락,기타
67055000,소방서 옆 경찰서 그리고 국과수 ,0.4921875,TV드라마,기타
67055000,오은영 리포트 결혼 지옥 ,0.08692649852321728,TV 시사/교양,기타
67055000,실화탐사대 ,0.3186019420586136,TV 시사/교양,기타
67055000,뭐털도사 ,0.2928932188134524,TV 연예/오락,기타
67055000,비밀의 여자 ,0.1302302360502402,TV드라마,기타
67055000,궁금한이야기Y ,0.13259676376959734,TV 연예/오락,기타
67055000,미운우리새끼 ,0.047586165049237975,TV 연예/오락,기타
67055000,TV동물농장 ,0.12499988079071045,TV 연예/오락,기타
67055000,꼬리에꼬리를무는그날이야기 ,0.058823528172151515,TV 시사/교양,기타
67070000,꼬리에꼬리를무는그날이야기 ,0.9999999789265758,TV 시사/교양,기타
67094000,메가로돈 2,0.2928932188134524,영화,액션/어드벤쳐
67096000,범죄도시3,0.2928932188134524,영화,액션/어드벤쳐
67106000,라바 시즌1 ,0.5,키즈,오락
67107000,마크맨,0.2928932188134524,영화,액션/어드벤쳐
67107000,존 윅 3: 파라벨룸,0.5,영화,액션/어드벤쳐
67117000,모범택시 2 ,0.9921875,TV드라마,기타
67129000,엘리멘탈,0.2928932188134524,영화,애니메이션
67140000,잠자는 숲속의 공주,0.2928932188134524,키즈,기타
67140000,밀수,0.25,영화,액션/어드벤쳐
67140000,경남 통영 2부,0.2928932188134524,우리동네,연예/오락
67148000,타요의 씽씽극장 동요2 ,0.9889514565439602,키즈,기타
67164000,밀수,0.5,영화,액션/어드벤쳐
